group_rank,invoice_number,row_count,raw_ship_date,raw_payment_date,customer_name
1,260131G92DX82T,1,02/02/26 14:41,31/01/26 19:21,อ******ง
2,260131G0C2MCEW,1,02/02/26 14:42,31/01/26 16:17,จ******ย
3,260131G2CMA1EN,1,02/02/26 14:42,31/01/26 17:22,ว******์
4,260131GBWQ1NW5,1,02/02/26 14:43,31/01/26 19:42,พ******์
5,260131GHDA3TAQ,1,02/02/26 14:43,31/01/26 21:51,A***N
6,260131GPB8JTVF,1,02/02/26 14:43,31/01/26 23:20,D**a
7,260131FB3P7FGT,1,02/02/26 16:21,31/01/26 9:55,แ****ย
8,260131FQV940BT,1,02/02/26 16:50,31/01/26 13:45,จ*****ั
9,260105810C0JE2,1,05/01/26 11:27,nan,ด******น
10,26010582NN6FNA,2,05/01/26 11:48,05/01/26 9:03,ธ******)
11,26010581WHPEX8,1,05/01/26 12:00,05/01/26 8:49,ป******์
12,2601058PDXBJQ5,1,06/01/26 11:48,05/01/26 14:57,ร******์
13,260105959WDSN7,1,06/01/26 11:48,05/01/26 19:22,เ******ณ
14,26010595Q6U82K,1,06/01/26 11:48,05/01/26 19:31,ณ******า
15,26010599701PQ0,1,06/01/26 11:48,05/01/26 20:32,ว******น
16,2601059ADWJVVM,1,06/01/26 11:48,05/01/26 21:24,ห******ล
17,2601059EGUXXM6,1,06/01/26 11:48,05/01/26 22:07,โ******ี
18,2601058C604XGP,1,06/01/26 14:52,05/01/26 11:52,ซ******่
19,2601058EUNWKJ2,1,06/01/26 14:52,05/01/26 12:48,ว******์
20,2601058NWHUKTC,1,06/01/26 14:52,05/01/26 14:47,ย**ม
21,260105906DKHTJ,1,06/01/26 14:52,05/01/26 17:51,N******n
22,260105973C4JTK,1,06/01/26 14:52,05/01/26 20:58,อ******์
23,26010598NK3YKF,1,06/01/26 14:52,05/01/26 20:22,จ******ี
24,2601059AUSWN5U,1,06/01/26 14:52,05/01/26 21:01,ศ******ร
25,2601069NA912J6,1,06/01/26 14:52,06/01/26 0:09,พ******)
26,260106AG8EUA39,1,06/01/26 14:52,06/01/26 8:11,ธ******์
27,260106AGPQNCQT,1,06/01/26 14:52,06/01/26 8:19,น***ร
28,260106ANVWBB33,1,06/01/26 14:52,06/01/26 9:52,น*ำ
29,260106APQ1QVC1,1,06/01/26 14:52,06/01/26 10:06,ส******์
30,260106AQGYEASY,1,06/01/26 14:52,06/01/26 10:21,ม******)
31,260106ASUQ7K0N,2,06/01/26 14:52,06/01/26 11:32,ช******ล
32,260106AVE44A37,1,06/01/26 14:52,06/01/26 11:49,ส******ง
33,260106BPFU6K8Y,1,07/01/26 15:33,06/01/26 20:05,ญ******์
34,260106BST145HJ,2,07/01/26 15:33,06/01/26 20:34,พ******ล
35,260106BW6KAN9J,1,07/01/26 15:33,06/01/26 21:36,ช******ง
36,260106C17A8E9J,1,07/01/26 15:33,06/01/26 23:17,น****ย
37,260106C1KRWWMD,1,07/01/26 15:33,06/01/26 23:24,ข******ม
38,260107CY36DQWN,1,07/01/26 15:33,07/01/26 7:41,ร******ง
39,260106AW7FPCX9,1,07/01/26 15:55,06/01/26 12:03,ว******์
40,260106AY8YVD6E,1,07/01/26 15:55,06/01/26 13:09,น******ล
41,260106B0MPY3N9,1,07/01/26 15:55,06/01/26 13:34,โ******ง
42,260106B4UJ9MFY,1,07/01/26 15:55,06/01/26 14:49,N******t
43,260106B7BXBM89,1,07/01/26 15:55,06/01/26 15:04,ณ******์
44,260106B8H9AB9R,1,07/01/26 15:55,06/01/26 15:25,ส******ฑ
45,260106BET44FQF,1,07/01/26 15:55,06/01/26 17:18,จ******ำ
46,260106BJ7F4FYX,2,07/01/26 15:55,06/01/26 18:20,น*****า
47,260106BK5M7FAD,2,07/01/26 15:55,06/01/26 18:36,ช******ช
48,260106BKEEJPRA,1,07/01/26 15:55,06/01/26 19:10,ค******ณ
49,260107CQ3FU8E1,1,07/01/26 15:55,07/01/26 5:19,น******ว
50,260107D0XAF5YN,1,07/01/26 15:55,07/01/26 8:15,พ******)
51,260107D4AEENT4,2,07/01/26 15:55,07/01/26 9:15,บ******)
52,260107D8NRTN7Q,1,07/01/26 15:55,07/01/26 10:33,ส******​
53,260107EBVHBWDJ,2,08/01/26 12:40,07/01/26 21:04,พ******ฑ
54,260107EHK0Q3BY,1,08/01/26 12:40,07/01/26 23:16,ว******)
55,260108EKFQAC69,1,08/01/26 12:40,07/01/26 23:19,น******ข
56,260108ESHWGE7M,1,08/01/26 12:40,08/01/26 1:08,จ******ม
57,260107DHUUR8Q0,1,08/01/26 15:38,07/01/26 13:17,ช******์
58,260107DMGF668S,1,08/01/26 15:38,07/01/26 14:36,ป******์
59,260107DS59UK3E,1,08/01/26 15:38,07/01/26 15:28,ณ******ญ
60,260107DTK4KSRT,1,08/01/26 15:38,07/01/26 16:23,ช******ด
61,260107E1RG3WKY,1,08/01/26 15:38,07/01/26 18:32,ช******ต
62,260107ECR7AUBM,1,08/01/26 15:38,07/01/26 21:19,ณ******ง
63,260107ED7R5J7S,1,08/01/26 15:38,07/01/26 21:57,ธ******ร
64,260107EEFP32F5,2,08/01/26 15:38,07/01/26 21:50,ว******ร
65,260107EHKB7G5H,1,08/01/26 15:38,07/01/26 22:46,ภ******า
66,260108EN5KJ1HQ,1,08/01/26 15:38,08/01/26 0:19,น******g
67,260108EQW4JTCN,1,08/01/26 15:38,08/01/26 0:38,อ******ล
68,260108FGP2XTDK,2,08/01/26 15:38,08/01/26 8:02,ม******)
69,260108FH9U87YS,1,08/01/26 15:38,08/01/26 8:13,M******)
70,260108FKPE7HX8,1,08/01/26 15:38,08/01/26 8:56,ช******ร
71,260108FMFRTJW7,1,08/01/26 15:38,08/01/26 9:10,อ******ด
72,260108FNDNA17J,1,08/01/26 15:38,08/01/26 9:26,Z******g
73,260108FNF8UC5B,1,08/01/26 15:38,08/01/26 9:27,ส******ง
74,260108FQ43QEGE,1,08/01/26 15:38,08/01/26 9:57,ร******ง
75,260108FSEWCS4X,1,08/01/26 15:38,08/01/26 10:39,พ******)
76,260108FT5DFSF0,1,08/01/26 15:38,08/01/26 11:21,ส******น
77,260107DJ7KFNYX,2,08/01/26 15:39,07/01/26 15:38,ม******์
78,260107DK5NRSD7,1,08/01/26 15:39,07/01/26 13:41,ภ******ล
79,260107DP970J8D,1,08/01/26 15:39,07/01/26 14:36,ว******์
80,260107DU994SD4,1,08/01/26 15:39,07/01/26 16:06,น******า
81,260107DUCYCREW,1,08/01/26 15:39,07/01/26 16:08,ก******.
82,260108EQK51MM3,1,08/01/26 15:39,08/01/26 0:34,แ******์
83,260108ER551DT8,1,08/01/26 15:39,08/01/26 0:43,แ******์
84,260108F2276EEB,1,08/01/26 15:39,08/01/26 3:40,ล******า
85,260108F8TKUVER,1,08/01/26 15:39,08/01/26 6:11,ก****ย
86,260108FDMJGV0D,1,08/01/26 15:39,08/01/26 7:38,ป******)
87,260108FK889AB6,1,08/01/26 15:39,08/01/26 8:48,ป***ม
88,260108FKPE7HXX,1,08/01/26 15:39,08/01/26 8:56,ย******ิ
89,260108FY26REAS,1,09/01/26 16:56,08/01/26 12:49,อ******อ
90,260108FYH5FRE8,1,09/01/26 16:56,08/01/26 12:27,ภ******์
91,260108G08QSHK2,1,09/01/26 16:56,08/01/26 12:40,ย******์
92,260108G6RX7YUG,1,09/01/26 16:56,08/01/26 14:39,ส******์
93,260108G7V7CR2D,1,09/01/26 16:56,08/01/26 14:58,J*b
94,260108G82W047H,1,09/01/26 16:56,08/01/26 15:01,ค******ณ
95,260108GAFKRGK4,1,09/01/26 16:56,08/01/26 16:13,พ******์
96,260108GFM8TTG5,3,09/01/26 16:56,08/01/26 17:17,ว******ร
97,260108GJDVFN94,1,09/01/26 16:56,08/01/26 18:06,ก******า
98,260108GU0BTJFB,1,09/01/26 16:56,08/01/26 20:39,ค*****ก
99,260108GVNPXCNX,1,09/01/26 16:56,08/01/26 21:09,น******ร
100,260108GY1NUK01,1,09/01/26 16:56,08/01/26 22:21,ธ******์
101,260109H3BP7WKS,1,09/01/26 16:56,08/01/26 23:09,ส******)
102,260109HVMSKANM,1,09/01/26 16:56,09/01/26 7:11,จ******์
103,260109HYBTBS6B,1,09/01/26 16:56,09/01/26 7:30,ฝ**ย
104,260109J10N72TS,1,09/01/26 16:56,09/01/26 7:59,อ******พ
105,260109J4N36UDP,1,09/01/26 16:56,09/01/26 9:04,ศ******ย
106,260109JCSQ2T77,1,09/01/26 16:56,09/01/26 11:30,ก***า
107,260108G266ASMR,1,09/01/26 16:57,08/01/26 13:15,ข******ล
108,260108G3A88PR7,2,09/01/26 16:57,08/01/26 14:05,บ******่
109,260108G45B5PRQ,1,09/01/26 16:57,08/01/26 13:50,ศ******ง
110,260108G6YWAEJX,1,09/01/26 16:57,08/01/26 14:41,ธ******ี
111,260108GE7Q2SNJ,1,09/01/26 16:57,08/01/26 16:50,น******์
112,260108GHUSMER1,1,09/01/26 16:57,08/01/26 17:56,พ******ม
113,260108GQERD1T4,1,09/01/26 16:57,08/01/26 20:06,ค*****ง
114,260108GQJBT087,2,09/01/26 16:57,08/01/26 19:39,ค******ี
115,260108GRFBREMY,1,09/01/26 16:57,08/01/26 19:54,ส******ญ
116,260108GVVEE4M1,1,09/01/26 16:57,08/01/26 21:14,น******ะ
117,260108GWGWJ4RY,2,09/01/26 16:57,08/01/26 21:25,ม******์
118,260108GYHAG4NT,1,09/01/26 16:57,08/01/26 22:00,อ******ล
119,260108H02687VX,2,09/01/26 16:57,08/01/26 22:09,อ******ง
120,260109H6K6BFEK,1,09/01/26 16:57,09/01/26 0:07,k******w
121,260109HRQDEBBJ,1,09/01/26 16:57,09/01/26 6:01,จ******ม
122,260109HWYWKFRS,1,09/01/26 16:57,09/01/26 7:05,บ******ว
123,260108GTK5AW4U,2,09/01/26 16:58,08/01/26 20:32,ม******า
124,260109HXX1QV97,1,09/01/26 16:58,09/01/26 7:22,R******n
125,260108GDAGFMF0,1,10/01/26 11:53,08/01/26 17:04,อ******น
126,260109J1G1A8G0,3,10/01/26 11:53,09/01/26 8:08,ธ******ข
127,260109KAACNH2N,1,10/01/26 11:53,09/01/26 20:19,อ******ย
128,260110KS6JDKM4,1,10/01/26 11:53,10/01/26 1:15,ส******ม
129,260108G5KM84MS,1,10/01/26 11:54,08/01/26 14:16,น******์
130,260109HKPR72H8,1,10/01/26 11:54,09/01/26 4:01,จ******์
131,260109J01GKTNU,1,10/01/26 11:54,09/01/26 8:12,น******ี
132,260109J05DFVV4,1,10/01/26 11:54,09/01/26 7:44,ส******ะ
133,260109K3TCY26M,1,10/01/26 11:54,09/01/26 18:22,ฐ******ร
134,260109JP644T8U,1,10/01/26 16:24,09/01/26 14:18,ท******์
135,260109JQA7WY2Y,2,10/01/26 16:24,09/01/26 14:38,อ******์
136,260109K32TMASH,1,10/01/26 16:24,09/01/26 18:39,ส******ณ
137,260109KDPGH2RD,2,10/01/26 16:24,09/01/26 21:19,ไ******)
138,260110KV9X0VJC,1,10/01/26 16:24,10/01/26 1:40,พ******ะ
139,260110MN35YS1E,1,10/01/26 16:24,10/01/26 9:04,ก******า
140,260110MNDQG7P2,1,10/01/26 16:24,10/01/26 9:10,อ******์
141,260110MQT2UCR3,1,10/01/26 16:24,10/01/26 9:53,แ******น
142,260110MU2HH0JH,1,10/01/26 16:24,10/01/26 10:51,อ******์
143,260110MU3QMGRD,2,10/01/26 16:24,10/01/26 10:52,ว******ร
144,260110MX8F110C,1,10/01/26 16:24,10/01/26 11:48,พ******น
145,260110MYB55D9K,1,10/01/26 16:24,10/01/26 12:07,เ**์
146,260110N058GK5B,1,10/01/26 16:24,10/01/26 12:22,อ******ำ
147,260109JDSPB84T,1,10/01/26 16:25,09/01/26 12:19,A******r
148,260109JXPS84P0,1,10/01/26 16:25,09/01/26 16:51,ส******ง
149,260109JYYQKPJ4,1,10/01/26 16:25,09/01/26 17:14,เ******า
150,260109K3JPUPCG,1,10/01/26 16:25,09/01/26 18:18,ณ******ว
151,260109K551P3BG,1,10/01/26 16:25,09/01/26 18:46,น****า
152,260109KC6DBFRS,1,10/01/26 16:25,09/01/26 21:22,ส******ต
153,260109KC97XA1R,1,10/01/26 16:25,09/01/26 20:55,บ*ว
154,260109KK67E3R5,1,10/01/26 16:25,09/01/26 22:58,S******m
155,260110KP1JDG1G,1,10/01/26 16:25,09/01/26 23:48,ณ******)
156,260110MAW0YABC,1,10/01/26 16:25,10/01/26 6:31,ต******ะ
157,260110MBX5E6WM,1,10/01/26 16:25,10/01/26 6:20,a******8
158,260110MFTTMSJM,1,10/01/26 16:25,10/01/26 7:30,ล******ช
159,260110MG7B542E,1,10/01/26 16:25,10/01/26 7:37,ฉ******ี
160,260110MJ4SPBKE,1,10/01/26 16:25,10/01/26 8:11,ณ******น
161,260110MNSUNPSH,1,10/01/26 16:25,10/01/26 9:16,ป******์
162,260110NHYPT4Q0,1,12/01/26 12:20,10/01/26 17:41,แ******ป
163,260110NUKUT7AY,1,12/01/26 12:20,10/01/26 20:33,เ******ุ
164,260110NX8P022J,1,12/01/26 12:20,10/01/26 21:21,ภ******ณ
165,260111Q3A65Y4N,1,12/01/26 12:20,11/01/26 8:54,ร******ด
166,260111Q7C8XDTU,1,12/01/26 12:20,11/01/26 9:36,ว******์
167,260111QGGSA6RS,1,12/01/26 12:20,11/01/26 12:50,จ******์
168,260111QQTUDG28,5,12/01/26 12:20,11/01/26 14:31,M*N
169,260111QY51DN66,1,12/01/26 12:20,11/01/26 16:42,S******n
170,260111RGCH4X3S,2,12/01/26 12:20,11/01/26 21:51,N******P
171,260112S9K93YW2,1,12/01/26 12:20,12/01/26 5:52,น******)
172,260110N6A5EAFV,1,12/01/26 15:52,10/01/26 14:12,พ******์
173,260110NVS4WC7A,1,12/01/26 15:52,10/01/26 20:54,ต******ล
174,260111QA82AHSN,1,12/01/26 15:52,11/01/26 10:28,N******n
175,260111QAKQ6DK0,1,12/01/26 15:52,11/01/26 10:35,ก******ง
176,260111QG4FEMCQ,1,12/01/26 15:52,11/01/26 12:13,ก******า
177,260111QKPEA9FM,1,12/01/26 15:52,11/01/26 13:17,ม******์
178,260111QPHGPNPV,1,12/01/26 15:52,11/01/26 14:08,ว******า
179,260111QVD9TE8V,1,12/01/26 15:52,11/01/26 16:23,ส******ง
180,260111QWNXMT1W,1,12/01/26 15:52,11/01/26 16:15,เ******ล
181,260111R52FVNM1,1,12/01/26 15:52,11/01/26 18:28,จ******์
182,260111R63EQRRG,1,12/01/26 15:52,11/01/26 19:16,ป******น
183,260111RK35ERR9,1,12/01/26 15:52,11/01/26 22:39,ค******)
184,260112SJF8NDPT,1,12/01/26 15:52,12/01/26 8:00,ห**ย
185,260112SWW135FB,1,12/01/26 15:52,12/01/26 11:25,ป******)
186,260110N8RGNUGS,1,12/01/26 15:53,10/01/26 14:56,ด***ช
187,260110NSS0B38T,1,12/01/26 15:53,10/01/26 20:00,พ******ด
188,260110P2X9D8D1,1,12/01/26 15:53,10/01/26 23:15,พ******ด
189,260111PB9QQK10,1,12/01/26 15:53,11/01/26 1:14,น******์
190,260111Q366D0KQ,1,12/01/26 15:53,11/01/26 8:21,น******ย
191,260111QB1RBVNS,1,12/01/26 15:53,11/01/26 10:42,N******n
192,260111QFX49JDG,1,12/01/26 15:53,11/01/26 12:10,ฟ******ม
193,260111QGJV109B,3,12/01/26 15:53,11/01/26 12:21,ห******ล
194,260111QHVAJKM6,1,12/01/26 15:53,11/01/26 13:16,น******น
195,260111QJ1EN0X6,2,12/01/26 15:53,11/01/26 12:47,ค******ล
196,260111QM4GCAS4,1,12/01/26 15:53,11/01/26 13:55,ศ******์
197,260111QQ5910MU,1,12/01/26 15:53,11/01/26 14:19,ศ******ข
198,260111QRHK3KUF,1,12/01/26 15:53,11/01/26 14:44,ก******์
199,260111QXEWU74K,1,12/01/26 15:53,11/01/26 16:59,ส******ม
200,260111QY2FCGQ3,1,12/01/26 15:53,11/01/26 17:10,น******า
201,260111QY5HK2RW,1,12/01/26 15:53,11/01/26 17:12,ส******น
202,260111R2VERNWQ,1,12/01/26 15:53,11/01/26 18:18,ส******น
203,260111R7V7E14P,1,12/01/26 15:53,11/01/26 19:19,เ*้
204,260111R95J76ND,3,12/01/26 15:53,11/01/26 19:41,พ******.
205,260111R9FV5VDQ,1,12/01/26 15:53,11/01/26 19:47,ข******ต
206,260111RFFQXB0W,1,12/01/26 15:53,11/01/26 21:35,ค******ิ
207,260111RGYCUSJV,1,12/01/26 15:53,11/01/26 22:01,จ******า
208,260111P87N6C59,1,12/01/26 15:54,11/01/26 0:19,ส******จ
209,260111RB2248N1,1,12/01/26 15:54,11/01/26 20:45,ป******ี
210,260112SKXUR4J1,1,12/01/26 15:54,12/01/26 8:57,ณ******​
211,260112SMX436QW,1,12/01/26 15:54,12/01/26 8:44,ผ******์
212,260112SNBM55D3,1,12/01/26 15:54,12/01/26 8:52,ก******ุ
213,260112SR3GFRT8,1,12/01/26 15:54,12/01/26 9:41,บ******น
214,260112SU6YVC5N,1,12/01/26 15:54,12/01/26 11:07,ป******า
215,260112SUJNRC31,1,12/01/26 15:54,12/01/26 11:13,ส****า
216,260112SUUY8QKV,2,12/01/26 15:54,12/01/26 11:18,จ******ว
217,260110NHFUESXP,1,12/01/26 15:55,10/01/26 17:33,น******ล
218,260110NU294B2N,1,12/01/26 15:55,10/01/26 20:24,ว******อ
219,260110NXBU18EV,2,12/01/26 15:55,10/01/26 21:22,บ******)
220,260110P1KW9E11,1,12/01/26 15:55,10/01/26 22:21,ธ******จ
221,260111PFT56GM4,1,12/01/26 15:55,11/01/26 2:35,W**a
222,260111Q4T9ET7N,1,12/01/26 15:55,11/01/26 9:21,พ**ย
223,260111Q5T5UU1Q,1,12/01/26 15:55,11/01/26 9:38,ก******ะ
224,260111QBD7GKWM,4,12/01/26 15:55,11/01/26 10:49,แ******า
225,260111QEHQ9CQK,1,12/01/26 15:55,11/01/26 12:15,น******ี
226,260111QEQ4URFY,3,12/01/26 15:55,11/01/26 12:18,อ******ะ
227,260111QGGPDDTC,2,12/01/26 15:55,11/01/26 12:21,เ******ญ
228,260111QJE04ATH,1,12/01/26 15:55,11/01/26 12:55,ก******า
229,260111QJK9VAXW,1,12/01/26 15:55,11/01/26 12:59,ป*****้
230,260111QKS192NG,1,12/01/26 15:55,11/01/26 13:48,น******ุ
231,260111QNPMER08,1,12/01/26 15:55,11/01/26 13:53,บ******ด
232,260111QQ4TN8YY,1,12/01/26 15:55,11/01/26 14:19,ฌ******ง
233,260111QVQKSPFR,1,12/01/26 15:55,11/01/26 15:59,ส******ง
234,260111RF92AFEG,1,12/01/26 15:55,11/01/26 22:00,ส******จ
235,260112RS6TAK72,1,12/01/26 15:55,12/01/26 0:58,ณ******ี
236,260112S1NR8E21,1,12/01/26 15:55,12/01/26 3:00,ท******ี
237,260112SJJR9V24,1,12/01/26 15:55,12/01/26 8:02,เ******ส
238,260112SWEV3QKP,1,12/01/26 15:55,12/01/26 11:17,ป******0
239,260112SXK2TXMY,1,12/01/26 15:55,12/01/26 11:37,อ******ล
240,260110N86W0XCW,1,12/01/26 15:56,10/01/26 15:16,ช******ช
241,260110NM2FYWGG,2,12/01/26 15:56,10/01/26 18:20,ณ******ง
242,260111QNJ0NA2D,2,12/01/26 15:56,11/01/26 14:21,ก******์
243,260111R7V3M2NW,1,12/01/26 15:56,11/01/26 19:48,ย******ศ
244,260111RFVQQUYE,1,12/01/26 15:56,11/01/26 22:12,น******์
245,260112RNKENNAD,1,12/01/26 15:56,11/01/26 23:24,ร******ร
246,260112T3PNHGF4,1,13/01/26 15:40,12/01/26 13:09,P*
247,260112TMVX6YF8,1,13/01/26 15:40,12/01/26 18:46,ภ******ะ
248,260112TUVBWPER,1,13/01/26 15:40,12/01/26 20:22,เ******ล
249,260112TWUDWXE9,1,13/01/26 15:40,12/01/26 21:26,ส******ร
250,260112TYT6B6GS,1,13/01/26 15:40,12/01/26 22:02,จ******ว
251,260112U1CXD8KU,1,13/01/26 15:40,12/01/26 22:00,ธ******ร
252,260112U27F5V96,1,13/01/26 15:40,12/01/26 22:15,พ******ม
253,260113V3GME1GX,1,13/01/26 15:40,13/01/26 8:11,เ******์
254,260113V9FC130Y,1,13/01/26 15:40,13/01/26 9:57,ท******ะ
255,260113VD1554J8,1,13/01/26 15:40,13/01/26 11:31,ช******า
256,260113VECBYXCQ,1,13/01/26 15:40,13/01/26 11:25,K******a
257,260113VEJP4VFE,1,13/01/26 15:40,13/01/26 11:29,พ******ร
258,260113VFERETR1,1,13/01/26 15:40,13/01/26 11:47,ว******ด
259,260113VFGW6NAU,1,13/01/26 15:40,13/01/26 11:46,อ******ะ
260,260113VFS5BVA0,1,13/01/26 15:40,13/01/26 11:50,ท******์
261,260112SY3J7E4W,1,13/01/26 15:41,12/01/26 12:17,น******ี
262,260112T1KY9NPG,1,13/01/26 15:41,12/01/26 12:31,ธ******ี
263,260112T3WA9EV2,1,13/01/26 15:41,12/01/26 13:13,พ******ย
264,260112T4VDTYU8,2,13/01/26 15:41,12/01/26 13:30,ส******ู
265,260112T7JJWWB4,1,13/01/26 15:41,12/01/26 14:19,น******ล
266,260112T9X7CPP2,1,13/01/26 15:41,12/01/26 15:00,เ******)
267,260112TB7VM8BQ,1,13/01/26 15:41,12/01/26 15:23,บ******ด
268,260112TPJ992DY,1,13/01/26 15:41,12/01/26 18:47,ก******์
269,260112TRE64YNA,1,13/01/26 15:41,12/01/26 19:20,ท******า
270,260112TRV8BNJB,1,13/01/26 15:41,12/01/26 19:28,พ******)
271,260112TTPHN5HY,1,13/01/26 15:41,12/01/26 20:00,น******ล
272,260112TVBTTN39,1,13/01/26 15:41,12/01/26 20:30,ส*****า
273,260112TXFMFUHW,1,13/01/26 15:41,12/01/26 21:08,I******a
274,260112U27M0EYU,1,13/01/26 15:41,12/01/26 22:15,(******w
275,260113U6R66NUF,1,13/01/26 15:41,13/01/26 1:46,ช******)
276,260113UCFH83N6,1,13/01/26 15:41,13/01/26 1:18,อ******ร
277,260113V12TD94M,1,13/01/26 15:41,13/01/26 7:57,อ******ม
278,260113V2B0W1F8,1,13/01/26 15:41,13/01/26 7:49,ช******ล
279,260113V5QQY4A8,1,13/01/26 15:41,13/01/26 8:50,พ******์
280,260113VUGRE709,1,14/01/26 11:49,13/01/26 15:50,ก******์
281,2601140T1T4BY9,1,14/01/26 11:49,14/01/26 1:26,ไ******ล
282,260113VY9FUFE0,1,14/01/26 15:29,13/01/26 16:28,พ******)
283,260113W1H3ER3J,1,14/01/26 15:29,13/01/26 17:08,เ******า
284,26011303UK4SXN,1,14/01/26 15:29,13/01/26 19:19,ส******า
285,26011305QJTYSG,1,14/01/26 15:29,13/01/26 19:23,จ******า
286,26011307YJY9V4,2,14/01/26 15:29,13/01/26 20:32,เ******ี
287,2601130ACTVEW3,1,14/01/26 15:29,13/01/26 21:16,ช******์
288,2601130C8AE2DP,1,14/01/26 15:29,13/01/26 21:19,ม******์
289,2601130D0FT7KR,1,14/01/26 15:29,13/01/26 21:34,น******า
290,2601140RJ2AETE,2,14/01/26 15:29,14/01/26 0:59,ส******์
291,2601140T9TMYB4,1,14/01/26 15:29,14/01/26 1:31,จ******ะ
292,26011419DHSD32,1,14/01/26 15:29,14/01/26 6:31,อ******ม
293,2601141F8E9JD0,1,14/01/26 15:29,14/01/26 8:15,น******์
294,2601141QATM1W8,1,14/01/26 15:29,14/01/26 10:10,ช******ช
295,2601141RSVGC8M,1,14/01/26 15:29,14/01/26 10:36,N******y
296,2601141SYQKH73,1,14/01/26 15:29,14/01/26 10:57,ป******ี
297,2601141T1FW3C8,1,14/01/26 15:29,14/01/26 10:59,ฐ******า
298,2601141U57BATU,1,14/01/26 15:29,14/01/26 11:48,ก******ง
299,2601141VN5U19X,1,14/01/26 15:29,14/01/26 11:45,ฉ******ข
300,260113VPQ9YKTT,1,14/01/26 15:30,13/01/26 13:56,ช******ำ
301,260113VT212Q2K,1,14/01/26 15:30,13/01/26 18:54,ส*ม
302,260113VWNS61P8,1,14/01/26 15:30,13/01/26 16:01,ท******์
303,26011300UEK1GS,1,14/01/26 15:30,13/01/26 18:25,K*****์
304,2601130534PB7R,1,14/01/26 15:30,13/01/26 19:41,ไ******ำ
305,26011307W0WGVV,1,14/01/26 15:30,13/01/26 20:03,ห******.
306,2601130ANDH8BP,1,14/01/26 15:30,13/01/26 20:51,เ*ก
307,2601140N86USPX,1,14/01/26 15:30,14/01/26 0:30,ห******์
308,2601140RUQ9M6J,1,14/01/26 15:30,14/01/26 1:05,ภ******์
309,2601140T78KQVA,1,14/01/26 15:30,14/01/26 1:29,น******์
310,2601141C00JDK7,1,14/01/26 15:30,14/01/26 6:47,ส******ี
311,2601142139UYS4,1,15/01/26 11:52,14/01/26 13:08,o******t
312,2601142ND1WQ0X,1,15/01/26 11:52,14/01/26 19:38,อ******์
313,2601142Q4FP4CM,4,15/01/26 11:52,14/01/26 20:09,H******)
314,26011542NK8E11,1,15/01/26 11:53,15/01/26 8:39,ร******ี
315,2601142504T4GT,1,15/01/26 15:05,14/01/26 14:15,ก******ื
316,26011536Q6FVUQ,1,15/01/26 15:05,15/01/26 0:19,จ******น
317,2601154BS8UCTP,1,15/01/26 15:05,15/01/26 11:25,ฟ******ด
318,2601154HTKA8DH,1,15/01/26 15:05,15/01/26 13:11,ส******ี
319,2601142364Y5V9,2,15/01/26 15:06,14/01/26 13:42,เ******ก
320,26011429371AYF,1,15/01/26 15:06,14/01/26 15:58,น******์
321,2601142B7VCSXV,1,15/01/26 15:06,14/01/26 16:36,ไ******์
322,2601142BKAJB9W,1,15/01/26 15:06,14/01/26 16:13,อ******า
323,2601142C40ND0K,1,15/01/26 15:06,14/01/26 16:26,ว******์
324,2601142CQBK119,1,15/01/26 15:06,14/01/26 17:03,ว******ม
325,2601142FGXAPQY,1,15/01/26 15:06,14/01/26 17:53,น******อ
326,2601142GC51JSP,1,15/01/26 15:06,14/01/26 18:08,A******t
327,2601142JKD7P9A,1,15/01/26 15:06,14/01/26 18:48,พ******์
328,2601142W2BHYDN,3,15/01/26 15:06,14/01/26 21:55,น******)
329,26011532U6889H,1,15/01/26 15:06,14/01/26 23:09,ส******ย
330,26011535XX8JWB,1,15/01/26 15:06,15/01/26 0:05,ช******ช
331,2601153606A506,1,15/01/26 15:06,15/01/26 0:42,ค******์
332,26011536EWCMF2,1,15/01/26 15:06,15/01/26 0:13,น******ร
333,2601153AVCG39T,2,15/01/26 15:06,15/01/26 1:32,S******g
334,2601153D5RDU0A,1,15/01/26 15:06,15/01/26 2:14,K***s
335,2601153TH35HWP,1,15/01/26 15:06,15/01/26 6:12,ธ******์
336,26011542U2NDWC,1,15/01/26 15:06,15/01/26 9:11,ป******์
337,26011542X4WRPH,1,15/01/26 15:06,15/01/26 8:44,ณ******ะ
338,260115498XPV7S,4,15/01/26 15:06,15/01/26 10:36,ม******์
339,2601154ERMJS78,1,15/01/26 15:06,15/01/26 12:45,ไ******ำ
340,2601154G29TY51,1,15/01/26 15:06,15/01/26 12:39,ณ******ข
341,2601154HH5WK5S,1,15/01/26 15:06,15/01/26 13:04,น******ง
342,2601141XA89F3V,1,15/01/26 15:07,14/01/26 12:16,ส******ว
343,26011425A75NJ4,1,15/01/26 15:07,14/01/26 14:20,B******g
344,2601142VUMYCJD,1,15/01/26 15:07,14/01/26 21:51,S***R
345,2601142WU60RTE,3,15/01/26 15:07,14/01/26 21:39,ส******น
346,26011431C4CVSW,1,15/01/26 15:07,14/01/26 22:44,ณ******ะ
347,2601153DUW042C,1,15/01/26 15:07,15/01/26 2:26,ช******)
348,2601153MNSAVDA,1,15/01/26 15:07,15/01/26 4:28,อ******์
349,2601153U1EPCYS,1,15/01/26 15:07,15/01/26 6:22,ส******ะ
350,2601153XDFT3BE,1,15/01/26 15:07,15/01/26 7:22,ป******ร
351,26011541GUB3EP,1,15/01/26 15:07,15/01/26 8:48,เ******์
352,26011541H9MS3D,1,15/01/26 15:07,15/01/26 8:19,ป******ง
353,260115438DYAG9,3,15/01/26 15:07,15/01/26 8:49,ช******า
354,260115439J51DY,1,15/01/26 15:07,15/01/26 8:50,น******ญ
355,2601154HXRSQX1,10,16/01/26 11:41,15/01/26 13:12,ส******ง
356,2601154K1HSJD1,1,16/01/26 11:41,15/01/26 14:01,เ******ี
357,2601166UNDEVTC,1,17/01/26 13:32,16/01/26 11:11,ธ******้
358,2601166W0172CU,1,17/01/26 13:32,16/01/26 11:35,ก******ม
359,2601166YU9CJED,1,17/01/26 13:32,16/01/26 12:26,ก******ญ
360,26011672RR3NW1,1,17/01/26 13:32,16/01/26 13:18,น******ิ
361,2601167B5YKK29,1,17/01/26 13:32,16/01/26 15:49,อ******ร
362,2601167G377HGH,1,17/01/26 13:32,16/01/26 17:17,โ******ง
363,2601167JXM45XN,1,17/01/26 13:32,16/01/26 18:37,ร******์
364,2601167RUM9ERB,1,17/01/26 13:32,16/01/26 19:53,จ******์
365,2601178T2F555U,1,17/01/26 13:32,17/01/26 5:48,ธ******์
366,26011795J9F8EE,1,17/01/26 13:32,17/01/26 9:14,ด******า
367,2601179BWJGEAD,1,17/01/26 13:32,17/01/26 11:07,เ******ี
368,2601179D1BT01H,1,17/01/26 13:32,17/01/26 11:27,อ******ำ
369,2601179DDX7GM5,1,17/01/26 13:32,17/01/26 11:34,ส******ล
370,2601179DK0CCSC,1,17/01/26 13:32,17/01/26 11:37,ก******)
371,2601166VM1V96C,1,17/01/26 13:33,16/01/26 11:29,น******ค
372,2601166VUAJFD3,4,17/01/26 13:33,16/01/26 11:32,พ******ร
373,2601167C5CSN1R,1,17/01/26 13:33,16/01/26 16:06,ส******ว
374,26011788BR2XY1,1,17/01/26 13:33,17/01/26 1:01,น******ก
375,2601178DAVSGS1,1,17/01/26 13:33,17/01/26 2:30,ต*๋
376,260118BWKSS1E5,1,19/01/26 11:57,18/01/26 11:29,พ******า
377,260118CYT3TQ7H,2,19/01/26 11:57,18/01/26 21:41,ป******ม
378,260118CMQ6FB1T,1,19/01/26 11:58,18/01/26 18:23,น******บ
379,260117A5XBXF9S,1,19/01/26 11:59,17/01/26 19:23,ภ*****ี
380,260117AHXHSRKR,1,19/01/26 11:59,17/01/26 22:28,ว******ง
381,260118AQ7YBNSJ,1,19/01/26 11:59,18/01/26 0:03,พ******น
382,260118BR5GPCKP,1,19/01/26 11:59,18/01/26 9:52,ธ******์
383,260117A7BT85SJ,2,19/01/26 15:55,17/01/26 19:18,จ***่
384,260119D4UVA14Y,1,19/01/26 15:55,18/01/26 23:41,อ******า
385,260119EA2NBE0U,2,19/01/26 15:55,19/01/26 10:17,ป******ด
386,2601179NN61E15,1,19/01/26 15:56,17/01/26 14:01,จ******ร
387,260117A1X925B3,1,19/01/26 15:56,17/01/26 18:11,K******l
388,260117A8V80TCC,1,19/01/26 15:56,17/01/26 19:45,ต******์
389,260117AK1Q27RP,2,19/01/26 15:56,17/01/26 23:17,ช******ร
390,260118AM4D6868,1,19/01/26 15:56,17/01/26 23:07,ก******ุ
391,260118BE0WACH1,1,19/01/26 15:56,18/01/26 6:51,ว******์
392,260118C6AWW0GY,1,19/01/26 15:56,18/01/26 14:05,ณ******์
393,260118CMD286CR,1,19/01/26 15:56,18/01/26 18:17,ป******์
394,260118CTRJTS3A,1,19/01/26 15:56,18/01/26 20:41,จ******ง
395,260119D62URR4R,4,19/01/26 15:56,18/01/26 23:34,โ******ง
396,2601179FPDN3M4,1,19/01/26 15:57,17/01/26 12:15,ณ******า
397,2601179G2A3QNE,1,19/01/26 15:57,17/01/26 12:22,พ******ี
398,2601179KCF336F,1,19/01/26 15:57,17/01/26 13:21,ณ******ภ
399,2601179YE5HP9M,1,19/01/26 15:57,18/01/26 2:31,ร******ร
400,260117A8WF45JG,1,19/01/26 15:57,17/01/26 19:46,ต******์
401,260117A97R40Y4,1,19/01/26 15:57,17/01/26 20:22,บ******ี
402,260117AG1R8HQG,1,19/01/26 15:57,17/01/26 21:54,อ******ะ
403,260118BV7EQP79,1,19/01/26 15:57,18/01/26 11:05,ธ******จ
404,260118BVG3B2B4,1,19/01/26 15:57,18/01/26 11:09,ร******์
405,260118BVT5N9W9,1,19/01/26 15:57,18/01/26 11:15,ก******)
406,260118C4MEK7TW,1,19/01/26 15:57,18/01/26 14:05,ก******์
407,260118C8EMNNC2,1,19/01/26 15:57,18/01/26 15:14,อ******ด
408,260118CCV4P7KP,1,19/01/26 15:57,18/01/26 16:02,น******า
409,260118CRY8WG3S,1,19/01/26 15:57,18/01/26 19:39,น******ญ
410,260118CTNYUY43,1,19/01/26 15:57,18/01/26 20:10,น******ี
411,260118CUWUX7GA,1,19/01/26 15:57,18/01/26 20:31,ศ******า
412,260119E53V6BTP,1,19/01/26 15:57,19/01/26 8:49,ช******ญ
413,260119E7J3JGQS,1,19/01/26 15:57,19/01/26 11:20,ณ******ญ
414,260119EBWQFFPG,1,19/01/26 15:57,19/01/26 11:20,L******g
415,260119ECFB645Y,1,19/01/26 15:57,19/01/26 11:30,ร******์
416,2601179PCMKCPJ,1,19/01/26 15:58,17/01/26 14:15,แ***พ
417,2601179V4JPWPP,1,19/01/26 15:58,17/01/26 15:58,ก******ญ
418,260117A73MY867,1,19/01/26 15:58,17/01/26 19:14,ส******ี
419,260118C16T1XTH,1,19/01/26 15:58,18/01/26 13:03,น******ง
420,260118C5NTR706,1,19/01/26 15:58,18/01/26 13:54,ฟ******ม
421,260118CFPWK90F,2,19/01/26 15:58,18/01/26 16:53,ศ******ี
422,260118CT04VQUU,1,19/01/26 15:58,18/01/26 19:57,ว******ม
423,260118CUSGQH9T,2,19/01/26 15:58,18/01/26 20:29,ป******์
424,260119DCNQXJ63,1,19/01/26 15:58,19/01/26 1:31,ณ******ย
425,2601179TVB6HHD,1,19/01/26 15:59,17/01/26 15:36,ฟ******ด
426,260118BEXH8FB0,1,19/01/26 15:59,18/01/26 7:07,A******2
427,260118BS76C5N6,1,19/01/26 15:59,18/01/26 10:41,อ******า
428,260118C061XCS7,1,19/01/26 15:59,18/01/26 12:16,ส**า
429,260118C35VXGM4,1,19/01/26 15:59,18/01/26 13:09,ป******อ
430,260119DBSJRGHF,1,19/01/26 15:59,19/01/26 1:15,ส******์
431,260119E03BPJ4S,1,19/01/26 15:59,19/01/26 7:19,เ******​
432,260119E45DFC6Y,1,19/01/26 15:59,19/01/26 8:32,ล******์
433,2601179ETHXMJN,1,19/01/26 16:00,17/01/26 11:59,ข******ว
434,260117A9VKNWKB,1,19/01/26 16:00,17/01/26 20:33,ว******อ
435,260117AJ812CYA,1,19/01/26 16:00,17/01/26 23:03,B****e
436,260118BS4ATT9R,1,19/01/26 16:00,18/01/26 10:09,S******t
437,260118C5UUBB00,1,19/01/26 16:00,18/01/26 13:57,ว******ษ
438,260118C7VJRR7A,1,19/01/26 16:00,18/01/26 15:03,อ******ี
439,260118CE8B1TXC,1,19/01/26 16:00,18/01/26 16:27,ศ******ต
440,260118CH2EWAVX,1,19/01/26 16:00,18/01/26 17:47,ภ******ม
441,260118CKKNNWVB,1,19/01/26 16:00,18/01/26 18:03,ณ******์
442,260118D0NNX15U,1,19/01/26 16:00,18/01/26 21:56,ซ******ร
443,260118D1RCYS2Q,1,19/01/26 16:00,18/01/26 22:46,ช******์
444,260119D7U1C5CX,1,19/01/26 16:00,19/01/26 0:05,น******์
445,260119E7Y3C4HA,1,19/01/26 16:00,19/01/26 10:09,จ******ญ
446,2601179YSTDTPB,1,19/01/26 16:01,17/01/26 17:04,ท******ล
447,260118BPQG89HU,1,19/01/26 16:01,18/01/26 9:26,ว******์
448,260118BTKKAGAF,1,19/01/26 16:01,18/01/26 11:05,จ******บ
449,260118BU0TTGTU,1,19/01/26 16:01,18/01/26 14:42,ส******ำ
450,260118CN502AVQ,1,19/01/26 16:01,18/01/26 19:00,ศ******ง
451,260119E6GKNBS9,1,19/01/26 16:01,19/01/26 9:43,K******์
452,260119E8PB7JTT,1,19/01/26 16:01,19/01/26 9:53,ช******ต
453,2601179NWYC90U,1,20/01/26 13:48,17/01/26 14:07,ผ******-
454,260117AEKJ16JU,1,20/01/26 13:48,17/01/26 21:28,ป******์
455,260119EECYBX8A,1,20/01/26 13:48,19/01/26 12:05,เ******์
456,260119EG02UQ51,1,20/01/26 13:48,19/01/26 12:33,พ******ณ
457,260119EGGQYS0P,1,20/01/26 13:48,19/01/26 12:13,พ******์
458,260119EJ238VSX,1,20/01/26 13:48,19/01/26 12:41,ว******ง
459,260119EQ73RV93,1,20/01/26 13:48,19/01/26 14:42,ว******ล
460,260119ES1JWVJH,1,20/01/26 13:48,19/01/26 14:47,ส******ย
461,260119ESJ538UE,1,20/01/26 13:48,19/01/26 14:54,ว******์
462,260119EXN1XYWJ,1,20/01/26 13:48,19/01/26 16:55,อ******ร
463,260119F5C5GK3J,1,20/01/26 13:48,19/01/26 18:26,ว******ะ
464,260119F7J3SYPD,1,20/01/26 13:48,19/01/26 19:35,ส******า
465,260119F7NVVBQF,2,20/01/26 13:48,19/01/26 19:37,พ******ี
466,260119F8GS4M7A,1,20/01/26 13:48,19/01/26 19:22,พ******์
467,260119F9VVKQAK,1,20/01/26 13:48,19/01/26 20:17,ป******)
468,260120FR6SSXEH,1,20/01/26 13:48,20/01/26 0:03,ณ******ศ
469,260120FR6TRMJG,1,20/01/26 13:48,20/01/26 0:03,ส******า
470,260120FSTWRNPH,2,20/01/26 13:48,20/01/26 0:32,ร******)
471,260120GKNW7VP0,1,20/01/26 13:48,20/01/26 8:15,โ******ะ
472,260120GQ7V2NVT,1,20/01/26 13:48,20/01/26 9:20,ส******์
473,260120GSDW7KBF,1,20/01/26 13:48,20/01/26 9:57,ม***ก
474,2601179W380DWD,1,20/01/26 13:49,17/01/26 16:15,บ******์
475,260118BE93HMKR,1,20/01/26 13:49,18/01/26 6:55,T******n
476,260119EAKJ1SCN,2,20/01/26 13:49,19/01/26 10:27,อ******ง
477,260119EJD45CWX,3,20/01/26 13:49,19/01/26 12:48,S******m
478,260119ESDJ8GY8,1,20/01/26 13:49,19/01/26 14:52,อ******า
479,260119EX988PM2,2,20/01/26 13:49,19/01/26 16:23,พ******ร
480,260119FGFJ350E,1,20/01/26 13:49,19/01/26 22:15,ม******ะ
481,260120GX4G67X5,1,20/01/26 15:17,20/01/26 11:22,น******ะ
482,260120GX6ACP06,1,20/01/26 15:17,20/01/26 11:23,ย*
483,260120GXTHV4X5,1,20/01/26 15:17,20/01/26 11:35,ด******า
484,260120GYBBS5GN,1,20/01/26 15:17,20/01/26 11:45,ว******)
485,260119F9VKYMTU,1,21/01/26 14:05,19/01/26 20:17,ข******น
486,260119FM10QN6E,1,21/01/26 14:05,19/01/26 23:18,อ******์
487,260120J3WD14DJ,1,21/01/26 14:05,20/01/26 22:38,พ******ย
488,260121J8J2UY46,3,21/01/26 14:05,21/01/26 0:01,น******ล
489,260119F3WTJVNT,3,21/01/26 14:06,19/01/26 18:30,T******o
490,260119FH3TKBTS,1,21/01/26 14:06,19/01/26 22:26,ส******​
491,260120FPBXAJUY,1,21/01/26 14:06,19/01/26 23:30,ม******์
492,260120J1F3RE5G,1,21/01/26 14:06,20/01/26 21:54,ศ******ค
493,260120GXH6EY4T,1,21/01/26 15:26,20/01/26 11:29,อ******ล
494,260121KBPKV8Y9,1,21/01/26 15:26,21/01/26 10:31,ศ******์
495,260121KDSGU8GB,1,21/01/26 15:26,21/01/26 11:07,แ****ส
496,260120H2XX2Y81,1,21/01/26 15:27,20/01/26 12:48,แ******า
497,260120H4PAXQBC,1,21/01/26 15:27,20/01/26 13:20,น******ด
498,260120H4NK4JV8,1,21/01/26 15:27,20/01/26 13:19,ค****ค
499,260120HBPJCR6H,1,21/01/26 15:27,20/01/26 15:25,เ******​
500,260120HGK6XDBJ,2,21/01/26 15:27,20/01/26 16:53,ว******ม
501,260120HHJ8P4U0,1,21/01/26 15:27,20/01/26 17:10,น******ม
502,260120HJ1PP204,2,21/01/26 15:27,20/01/26 17:18,เ******์
503,260120HR44EYNC,1,21/01/26 15:27,20/01/26 19:07,น******์
504,260120HRCHBN1X,1,21/01/26 15:27,20/01/26 19:11,เ*ม
505,260120HRMPN30X,1,21/01/26 15:27,20/01/26 19:46,น******ง
506,260120HT3SGFPA,1,21/01/26 15:27,20/01/26 19:42,ต******์
507,260120HUMYYET9,1,21/01/26 15:27,20/01/26 20:10,ร******์
508,260120HUNK4D96,1,21/01/26 15:27,20/01/26 20:10,ป******ณ
509,260120HVBTHGE5,1,21/01/26 15:27,20/01/26 20:52,ก******น
510,260120HVM4N20X,1,21/01/26 15:27,20/01/26 20:57,ก******ะ
511,260120J10EFX7U,2,21/01/26 15:27,20/01/26 21:47,เ**์
512,260120J3C032AM,1,21/01/26 15:27,20/01/26 22:28,เ******ข
513,260120J463GDM3,1,21/01/26 15:27,20/01/26 22:43,ว******ศ
514,260121J8XHGAWJ,2,21/01/26 15:27,21/01/26 0:08,น******ล
515,260121JCKGNGM3,1,21/01/26 15:27,21/01/26 1:14,น******า
516,260121K1AJ0EFV,1,21/01/26 15:27,21/01/26 7:24,ร******์
517,260121K73HH7YS,1,21/01/26 15:27,21/01/26 9:08,ห******ง
518,260121KAGVJP6E,1,21/01/26 15:27,21/01/26 10:09,ศ******ย
519,260121KBV75HYU,1,21/01/26 15:27,21/01/26 11:04,อ******ด
520,260121KDPV0C20,1,21/01/26 15:27,21/01/26 11:06,พ**ย
521,260120HMMMSP08,1,21/01/26 15:28,20/01/26 18:34,ก******ง
522,260122MPFUG6PW,1,22/01/26 12:41,21/01/26 23:15,เ******์
523,260122NVFGSR7P,1,22/01/26 13:09,22/01/26 10:35,น******ร
524,260121KGNUC5BS,1,22/01/26 13:10,21/01/26 12:29,ส******ง
525,260121KM3KR6XG,1,22/01/26 13:10,22/01/26 10:07,น******์
526,260121KQMFBMXU,1,22/01/26 13:10,21/01/26 14:05,ธ******ี
527,260121KYGNBP50,1,22/01/26 13:10,21/01/26 16:54,L******g
528,260121KYSHHFNE,1,22/01/26 13:10,21/01/26 16:29,ธ******ย
529,260121M4238KEY,1,22/01/26 13:10,21/01/26 17:46,ว******์
530,260121M79WUFG9,1,22/01/26 13:10,21/01/26 19:14,ภ******์
531,260121M88P1Y23,1,22/01/26 13:10,21/01/26 19:01,ค******)
532,260121M96AWHKT,1,22/01/26 13:10,21/01/26 19:47,M*y
533,260121MJJ1238B,1,22/01/26 13:10,21/01/26 22:35,พ******ย
534,260122MNPE238N,1,22/01/26 13:10,21/01/26 23:01,ก******ว
535,260122MP7S10SU,2,22/01/26 13:10,21/01/26 23:11,ป******์
536,260122MT67GVH1,1,22/01/26 13:10,22/01/26 0:22,เ****น
537,260122MTA4CSTY,1,22/01/26 13:10,22/01/26 0:24,ว******์
538,260122MW42JGPG,1,22/01/26 13:10,22/01/26 1:14,N******l
539,260122MX6MV8BG,1,22/01/26 13:10,22/01/26 2:03,น******ฟ
540,260122NJAQMSNU,2,22/01/26 13:10,22/01/26 7:34,ค******ย
541,260122NJWMAB6V,1,22/01/26 13:10,22/01/26 8:14,ฐ****** 
542,260121M10SFREE,1,22/01/26 13:11,21/01/26 17:21,บ*ว
543,260121MBQU72PD,2,22/01/26 13:11,21/01/26 20:03,ม******ง
544,260121MCS1MHB6,1,22/01/26 13:11,21/01/26 20:52,อ******ี
545,260122NXJJMG6J,1,22/01/26 16:28,22/01/26 11:43,จ******ล
546,260122NYVHCVXA,1,22/01/26 16:28,22/01/26 11:37,เ******ิ
547,260122P0GGCB4F,1,22/01/26 16:28,22/01/26 11:48,ณ******ง
548,260122P16F6E4A,2,22/01/26 16:28,22/01/26 12:00,เ******ง
549,260122P614Q9RF,2,22/01/26 16:28,22/01/26 13:31,จ******ง
550,260122P8BF701B,1,22/01/26 16:28,22/01/26 14:39,อ******า
551,260122P91D55DX,1,22/01/26 16:28,22/01/26 14:20,J***y
552,260122P9MHDAUN,1,23/01/26 11:01,22/01/26 15:01,เ****า
553,260123R8JW74SP,3,23/01/26 15:14,23/01/26 9:17,พ******า
554,260122PBW5F7U4,1,23/01/26 15:49,22/01/26 15:41,ณ******ง
555,260122PCHMM6AC,1,23/01/26 15:49,22/01/26 15:53,โ******ำ
556,260122PG5HFF8D,1,23/01/26 15:49,22/01/26 16:28,ศ******ญ
557,260122PJ03E4VU,1,23/01/26 15:49,22/01/26 17:00,ว******ร
558,260122PNPP4PQY,1,23/01/26 15:49,22/01/26 18:37,อ******ง
559,260123Q6STN1TC,1,23/01/26 15:49,22/01/26 23:13,จ******์
560,260123QB58VDS5,1,23/01/26 15:49,23/01/26 0:32,เ******์
561,260123R6VHN9PN,1,23/01/26 15:49,23/01/26 9:17,ป******ำ
562,260123RFTQSM8P,1,23/01/26 15:49,23/01/26 11:57,ก***ต
563,260123RH1BSJ5N,1,23/01/26 15:49,23/01/26 11:49,z*****n
564,260123RHSJ5BK3,1,23/01/26 15:49,23/01/26 12:03,อ****ณ
565,260123RJ4RQXQH,1,23/01/26 15:49,23/01/26 12:10,พ******ล
566,260122NXGQFK2J,1,23/01/26 15:50,22/01/26 11:42,น******ำ
567,260122PG5XW5E9,3,23/01/26 15:50,22/01/26 16:28,ม******์
568,260122PMXPEMYX,1,23/01/26 15:50,22/01/26 17:53,แ****์
569,260122Q2H27G3G,1,23/01/26 15:50,22/01/26 22:27,พ******์
570,260122Q3MJ2FQ0,1,23/01/26 15:50,22/01/26 22:46,พ******ญ
571,260122Q4Y3XARP,1,23/01/26 15:50,22/01/26 22:40,เ******)
572,260123QA1Q6S9T,1,23/01/26 15:50,23/01/26 0:11,ว******์
573,260123QC4HAST5,1,23/01/26 15:50,23/01/26 0:49,ค******ด
574,260123QJFNK4YN,1,23/01/26 15:50,23/01/26 2:42,พ******บ
575,260123QTDRH3AV,1,23/01/26 15:50,23/01/26 5:04,ห*ู
576,260123R1H09T65,1,23/01/26 15:50,23/01/26 7:11,P******t
577,260123R47W81QV,1,23/01/26 15:50,23/01/26 8:30,บ*ว
578,260123R5MKQ5C9,1,23/01/26 15:50,23/01/26 8:25,ก******า
579,260123RABWKBGY,1,23/01/26 15:50,23/01/26 10:19,อ******์
580,260123S8305YWQ,1,24/01/26 12:46,23/01/26 18:41,ส******์
581,260123SN7WVU57,1,24/01/26 12:46,23/01/26 22:36,ณ******ญ
582,260124SYJY8RVB,1,24/01/26 12:46,24/01/26 2:11,น*****ว
583,260124TJ4MGDFK,1,24/01/26 12:46,24/01/26 7:43,ว******ง
584,260123RDRJPCJ1,2,24/01/26 16:14,23/01/26 11:20,เ******ง
585,260123RQE79PS3,1,24/01/26 16:14,23/01/26 14:13,ก******ว
586,260123RTK6BRXE,1,24/01/26 16:14,23/01/26 15:09,ธ******ธ
587,260123RVGRQF9R,1,24/01/26 16:14,23/01/26 15:15,ส******์
588,260123S1QASARY,1,24/01/26 16:14,23/01/26 16:48,อ******ม
589,260123S2DCG235,1,24/01/26 16:14,23/01/26 17:29,พ******ี
590,260123SBCDA2TD,1,24/01/26 16:14,23/01/26 19:41,ก****า
591,260124THHWKAHX,2,24/01/26 16:14,24/01/26 7:03,เ******)
592,260124TS75BNVT,1,24/01/26 16:14,24/01/26 9:50,น******ี
593,260124TWE5GMY9,1,24/01/26 16:14,24/01/26 10:36,พ******ก
594,260124TXUMU9WW,2,24/01/26 16:14,24/01/26 11:01,ค*****์
595,260124U098UHMU,1,24/01/26 16:14,24/01/26 11:27,ว******ง
596,260124U0M23YN3,1,24/01/26 16:14,24/01/26 12:03,น******ร
597,260124U1XCA5BQ,1,24/01/26 16:14,24/01/26 11:56,ศ****ธ
598,260123RT28NAS3,1,24/01/26 16:15,23/01/26 15:00,P*m
599,260123RU90GMUU,1,24/01/26 16:15,23/01/26 14:52,น******์
600,260123RUAUKKVM,1,24/01/26 16:15,23/01/26 14:53,ป******น
601,260123RWTY3Q32,1,24/01/26 16:15,23/01/26 15:38,ผ******-
602,260123RYGW8P5S,2,24/01/26 16:15,23/01/26 16:08,น******ี
603,260123S1FD1KGU,1,24/01/26 16:15,23/01/26 17:13,P******h
604,260123S52SQM55,1,24/01/26 16:15,23/01/26 18:17,ร******์
605,260123S6928MAK,1,24/01/26 16:15,24/01/26 0:29,ร******ร
606,260123SBWW3X0T,1,24/01/26 16:15,23/01/26 19:51,ว******ส
607,260123SD22U9GV,2,24/01/26 16:15,23/01/26 20:10,ว******ก
608,260123SDG43PP4,1,24/01/26 16:15,23/01/26 20:18,ณ******ว
609,260123SG4FXTD7,2,24/01/26 16:15,23/01/26 21:05,อ******)
610,260123SGDUBG45,1,24/01/26 16:15,23/01/26 21:10,A******n
611,260123SHJBKREU,1,24/01/26 16:15,23/01/26 21:32,ส******์
612,260123SJT9JYAE,1,24/01/26 16:15,23/01/26 22:23,ช******ด
613,260123SNGU11WB,1,24/01/26 16:15,23/01/26 22:41,ช******า
614,260124SX1NW79N,1,24/01/26 16:15,24/01/26 3:29,เ*๋
615,260124TCNA1SEJ,1,24/01/26 16:15,24/01/26 5:36,B******g
616,260124U18N47C2,1,26/01/26 13:16,24/01/26 12:14,เ******ง
617,260124U7QR6AVS,1,26/01/26 13:16,24/01/26 14:10,ร******์
618,260124U9MCX9T2,1,26/01/26 13:16,24/01/26 14:14,ก******ง
619,260124UTJBEFE9,2,26/01/26 13:16,24/01/26 19:47,เ**ย
620,260124UVHG9CUJ,1,26/01/26 13:16,24/01/26 19:56,ล******น
621,260125V8B4AKWK,1,26/01/26 13:16,24/01/26 23:24,ภ******์
622,260125VB61XK61,1,26/01/26 13:16,25/01/26 0:15,ธ******ย
623,260125053ABB6E,1,26/01/26 13:16,25/01/26 8:59,ส******ง
624,26012507TY4NT1,2,26/01/26 13:16,25/01/26 9:48,ธ******ล
625,2601250AMTE1BY,1,26/01/26 13:16,25/01/26 11:08,เ******ด
626,2601250BTY4QE9,2,26/01/26 13:16,25/01/26 10:59,ป******์
627,2601250JJH38JJ,1,26/01/26 13:16,25/01/26 13:29,พ******ิ
628,2601250TC602V6,1,26/01/26 13:16,25/01/26 15:22,พ******ง
629,2601250YBN2TU2,1,26/01/26 13:16,25/01/26 17:18,แ*****ง
630,2601251853ME8Y,1,26/01/26 13:16,25/01/26 19:25,พ******์
631,2601261R06D8Q6,1,26/01/26 13:16,26/01/26 0:09,J*y
632,2601261YV4SNEB,1,26/01/26 13:16,26/01/26 2:30,ว******อ
633,2601262AG9Y9J4,3,26/01/26 13:16,26/01/26 5:40,B******g
634,2601262KBFS6Q7,1,26/01/26 13:16,26/01/26 8:18,ธ******์
635,2601262TVE8R7P,1,26/01/26 13:16,26/01/26 10:33,ไ******ท
636,2601262VXQ8408,1,26/01/26 13:16,26/01/26 11:10,ค******ะ
637,2601262YEUM0FC,1,26/01/26 13:16,26/01/26 11:55,เ******์
638,260124UBA3E10H,1,26/01/26 13:17,24/01/26 14:44,ศ******ว
639,260124UVD17TJ4,1,26/01/26 13:17,24/01/26 20:20,ก******น
640,260124UWF2D78R,1,26/01/26 13:17,24/01/26 20:09,อ******์
641,260125040MAJGH,1,26/01/26 13:17,25/01/26 8:38,ก******น
642,260125046J1XJB,1,26/01/26 13:17,25/01/26 8:42,ว******ล
643,26012505QG1TW0,1,26/01/26 13:17,25/01/26 9:09,ก******ส
644,26012507AFQV9S,1,26/01/26 13:17,25/01/26 9:38,พ******ำ
645,2601250CD127T4,2,26/01/26 13:17,25/01/26 11:09,จ******ร
646,2601250FKQEC8A,1,26/01/26 13:17,25/01/26 12:06,เ******ม
647,2601250M4UTR55,1,26/01/26 13:17,25/01/26 13:27,ช******)
648,2601250NKURG6V,3,26/01/26 13:17,25/01/26 14:23,A******i
649,2601250TQAQFCW,1,26/01/26 13:17,25/01/26 15:25,ป******์
650,2601250VJ57BC1,1,26/01/26 13:17,25/01/26 15:58,ก******ท
651,2601250Y025F34,1,26/01/26 13:17,25/01/26 16:41,น******น
652,260125177R8ABW,1,26/01/26 13:17,25/01/26 19:09,ณ******์
653,2601261VMCYXQK,1,26/01/26 13:17,26/01/26 2:01,ว******)
654,2601262X33PR1U,2,26/01/26 13:17,26/01/26 11:30,ธ******ช
655,260124U853CSQE,2,26/01/26 13:18,24/01/26 13:48,น*****ง
656,260124UKD1XTVQ,1,26/01/26 13:18,24/01/26 17:09,ช******ย
657,260124UMCHXB7Y,1,26/01/26 13:18,24/01/26 17:27,ธ******อ
658,260124USADJ2XQ,1,26/01/26 13:18,24/01/26 18:55,อ******์
659,260124UW8KETVB,1,26/01/26 13:18,24/01/26 20:05,น******ด
660,260124V0FQ55G5,1,26/01/26 13:18,24/01/26 21:33,น******ย
661,260125V8SC5FP2,1,26/01/26 13:18,24/01/26 23:32,พ******า
662,260125VABQUTVQ,1,26/01/26 13:18,25/01/26 0:00,น******า
663,260125VCWHRUT6,1,26/01/26 13:18,25/01/26 0:45,ต*ล
664,2601250FAMKW1T,2,26/01/26 13:18,25/01/26 12:01,ก******์
665,2601250KVV77KU,1,26/01/26 13:18,25/01/26 13:22,ศ****ธ
666,2601250Q99QGF4,1,26/01/26 13:18,25/01/26 14:25,อ******ี
667,2601250VWKF7VT,1,26/01/26 13:18,25/01/26 16:04,ล******์
668,260125153M6K4F,1,26/01/26 13:18,25/01/26 18:31,ท******ี
669,2601261RG4MVXM,1,26/01/26 13:18,26/01/26 0:18,พ******น
670,260124U98HB1TX,2,26/01/26 13:19,24/01/26 14:08,ก******ง
671,260124UCA9DG1T,1,26/01/26 13:19,24/01/26 15:02,C******ช
672,260124UUJATB85,1,26/01/26 13:19,24/01/26 19:39,ศ******ย
673,260124V2JXK0GG,1,26/01/26 13:19,24/01/26 22:10,โ******ง
674,260124V3DSVK76,1,26/01/26 13:19,24/01/26 21:56,อ******ง
675,260124V403FAA4,2,26/01/26 13:19,24/01/26 22:06,เ******์
676,260125VCMB05WG,1,26/01/26 13:19,25/01/26 1:10,บ******ง
677,260125089263GK,1,26/01/26 13:19,25/01/26 9:55,ก******ร
678,2601250GB08DU9,1,26/01/26 13:19,25/01/26 12:19,J**k
679,2601250PCHES5W,2,26/01/26 13:19,25/01/26 14:07,บ******ง
680,2601250UD1XRF9,1,26/01/26 13:19,25/01/26 15:37,จ******ร
681,260124V1QJ71E6,1,26/01/26 13:27,24/01/26 21:26,P**t
682,26012508MJAX9D,1,26/01/26 13:27,25/01/26 10:01,ธ******า
683,2601250CRAGK2Q,1,26/01/26 13:27,25/01/26 11:45,อ******ด
684,2601250DYPA9GK,1,26/01/26 13:27,25/01/26 11:38,ย******ง
685,2601250F4NUPAR,1,26/01/26 13:27,25/01/26 12:27,พ******์
686,2601251E4H1V27,1,26/01/26 13:27,25/01/26 21:42,น******ู
687,2601251EMPXPCC,1,26/01/26 13:27,25/01/26 21:51,ส******ง
688,2601251M4W29MH,2,26/01/26 13:27,25/01/26 23:00,น******์
689,2601262W0XRVWA,1,26/01/26 15:35,26/01/26 11:41,ย******์
690,2601262XE0R8SX,1,26/01/26 15:35,26/01/26 12:06,ภ******ศ
691,2601263EYQBVKH,2,27/01/26 11:50,26/01/26 16:33,น******น
692,26012640T6HPM0,1,27/01/26 11:50,26/01/26 21:52,โ******ว
693,260126327PHGDN,2,27/01/26 13:19,26/01/26 12:44,ศ******บ
694,2601274XN44RW7,1,27/01/26 13:19,27/01/26 7:16,ส******์
695,2601275925EQE1,1,27/01/26 13:19,27/01/26 9:52,ส******ข
696,2601275AMM1WEB,1,27/01/26 13:19,27/01/26 10:21,ศ******์
697,2601275AS181G7,1,27/01/26 13:19,27/01/26 10:23,จ******ล
698,2601275AUWQ5SN,1,27/01/26 13:19,27/01/26 10:24,ญ******ร
699,2601262YR656CD,1,27/01/26 13:20,26/01/26 12:30,ป******ำ
700,26012634AT6V0V,1,27/01/26 13:20,26/01/26 13:52,ว******ญ
701,260126365E38BB,2,27/01/26 13:20,26/01/26 13:57,ห******์
702,260126378KED9U,1,27/01/26 13:20,26/01/26 14:15,จ******ง
703,260126395W58BD,1,27/01/26 13:20,26/01/26 14:50,ณ******ณ
704,2601263AGE3CES,1,27/01/26 13:20,26/01/26 15:13,พ******ส
705,2601263ET24FQR,1,27/01/26 13:20,26/01/26 16:29,ภ******ง
706,2601263Q3WW015,1,27/01/26 13:20,26/01/26 18:59,ก******)
707,2601263RCMJY1C,1,27/01/26 13:20,26/01/26 19:21,พ*****์
708,2601263SD8U9C0,1,27/01/26 13:20,26/01/26 19:39,พ******ล
709,2601263Y6VA7GM,1,27/01/26 13:20,26/01/26 21:24,ม******ง
710,26012640QA0E21,1,27/01/26 13:20,26/01/26 21:50,ศ******ว
711,26012643V94DP6,1,27/01/26 13:20,26/01/26 23:16,อ****ฟ
712,2601274UTMT8TF,2,27/01/26 13:20,27/01/26 5:56,ท******ล
713,2601275ER2PSNT,1,27/01/26 14:45,27/01/26 11:34,ป******์
714,2601275GCSQUBW,1,28/01/26 13:43,27/01/26 12:03,พ******ำ
715,2601276CGQUCBW,1,28/01/26 13:43,27/01/26 20:26,ส******ย
716,2601286P4CM4GD,1,28/01/26 13:43,27/01/26 23:48,อ******ง
717,2601286PQNPX7S,2,28/01/26 13:43,27/01/26 23:29,อ******ร
718,2601286QPYYKJW,1,28/01/26 13:43,27/01/26 23:48,แ****ส
719,2601286QRMFX41,1,28/01/26 13:43,27/01/26 23:48,เ******์
720,2601287RKXA50G,3,28/01/26 13:44,28/01/26 9:36,ก******์
721,2601287RKXA50H,3,28/01/26 13:44,28/01/26 9:36,ก******์
722,2601287RKXA50J,2,28/01/26 13:44,28/01/26 9:36,ก******์
723,2601275KKJ0HW3,1,28/01/26 15:53,27/01/26 13:01,ส******ล
724,26012765X57A09,1,28/01/26 15:53,27/01/26 18:59,ว******้
725,2601276GTRCDJN,1,28/01/26 15:53,27/01/26 21:44,ค******น
726,2601287B496X1C,1,28/01/26 15:53,28/01/26 5:35,แ*น
727,2601287C4TP2CF,1,28/01/26 15:53,28/01/26 5:52,น*ำ
728,2601287PVM9CKQ,2,28/01/26 15:53,28/01/26 9:05,N******k
729,2601287RP00X6W,2,28/01/26 15:53,28/01/26 10:07,น******า
730,2601287UP0S1AP,1,28/01/26 15:53,28/01/26 10:31,ส******ะ
731,2601275EST19YH,1,28/01/26 15:54,27/01/26 12:05,จ******ี
732,2601275PJS0SWW,3,28/01/26 15:54,27/01/26 13:55,จ******ส
733,2601275RDRADAN,1,28/01/26 15:54,27/01/26 14:27,K***y
734,26012767Y0DC4N,1,28/01/26 15:54,27/01/26 19:05,ก******ม
735,2601287E841TM9,1,28/01/26 15:54,28/01/26 6:30,ศ******ก
736,2601287FKPASCC,1,28/01/26 15:54,28/01/26 6:54,เ**์
737,2601287SY52RTK,1,28/01/26 15:54,28/01/26 10:01,พ******ร
738,2601287UGYM4R7,1,28/01/26 15:54,28/01/26 10:58,น******ร
739,2601287W3J0DUX,2,28/01/26 15:54,28/01/26 10:57,จ******์
740,2601287T818YSA,3,29/01/26 12:18,28/01/26 10:06,ก******์
741,2601287T818YSB,3,29/01/26 12:18,28/01/26 10:06,ก******์
742,26012997AJW03T,1,29/01/26 12:19,28/01/26 23:31,อ******น
743,26012892K85M51,1,29/01/26 15:34,28/01/26 22:08,ค**น
744,26012996FG38QN,2,29/01/26 15:34,28/01/26 23:46,ป******)
745,260129A6EB39UW,1,29/01/26 15:34,29/01/26 8:51,L******w
746,260129AACKSWGG,1,29/01/26 15:34,29/01/26 10:00,จ******์
747,260129AJ2FMSHS,3,29/01/26 15:34,29/01/26 12:16,P****s
748,260128839AMV38,2,29/01/26 15:35,28/01/26 12:47,ก******ร
749,260128868PCJVU,1,29/01/26 15:35,28/01/26 13:40,ช******์
750,26012887FVDBX4,1,29/01/26 15:35,28/01/26 14:02,ม******ะ
751,26012887S26R0S,1,29/01/26 15:35,28/01/26 14:07,ก******ร
752,2601288E3WVCAA,1,29/01/26 15:35,28/01/26 16:00,จ****า
753,2601288PAX0BKD,1,29/01/26 15:35,28/01/26 18:27,ณ******ม
754,2601288RF9QD0M,1,29/01/26 15:35,29/01/26 9:36,น******ณ
755,2601288XDQQE87,1,29/01/26 15:35,28/01/26 20:54,ว******์
756,260129A4S0XG30,1,29/01/26 15:35,29/01/26 8:19,ส******ล
757,260129A6SEV0EU,1,29/01/26 15:35,29/01/26 8:55,เ******ง
758,260129A8XP6GA4,1,29/01/26 15:35,29/01/26 9:35,ก******น
759,260129BHXSKG3M,1,30/01/26 14:15,29/01/26 21:47,ว******ล
760,26012999QFC8X5,2,30/01/26 15:49,30/01/26 0:00,อ******์
761,260129AQ78H933,1,30/01/26 15:49,29/01/26 14:19,ห******ี
762,260129B2T40737,1,30/01/26 15:49,29/01/26 17:16,น******ล
763,260129B4VSDWJ2,1,30/01/26 15:49,29/01/26 18:23,ร******ย
764,260129B5RQ0MND,2,30/01/26 15:49,29/01/26 18:09,น******ี
765,260129B6E3R8TM,1,30/01/26 15:49,29/01/26 21:07,น******์
766,260129B9EW8CT9,1,30/01/26 15:49,29/01/26 19:15,อ******์
767,260129B9SJPPK8,1,30/01/26 15:49,29/01/26 19:21,ศ******ม
768,260129BA0GUSB5,1,30/01/26 15:49,29/01/26 19:25,ป******ร
769,260129BAAQ2CNJ,1,30/01/26 15:49,29/01/26 20:00,B******n
770,260129BJCED1FE,2,30/01/26 15:49,29/01/26 21:55,S******m
771,260129BKXW0C8P,1,30/01/26 15:49,29/01/26 22:53,น******ส
772,260130CA76RYCH,1,30/01/26 15:49,30/01/26 5:02,ค******์
773,260130CMDV0WGX,1,30/01/26 15:49,30/01/26 8:04,ณ******จ
774,260130CP93WA5H,1,30/01/26 15:49,30/01/26 9:07,ธ******ศ
775,260130CWE21P6V,1,30/01/26 15:49,30/01/26 10:45,พ******ำ
776,260130D01QY4ER,1,30/01/26 15:49,30/01/26 12:02,ป******ย
777,260130D1K7YQJ2,1,30/01/26 15:49,30/01/26 12:00,ร******ย
778,260129B583T9PH,1,30/01/26 15:50,29/01/26 18:30,น******จ
779,260130DYPDSTUG,1,31/01/26 13:09,30/01/26 20:58,ย******ง
780,260130D5KWWBGA,1,31/01/26 15:55,30/01/26 13:41,พ******์
781,260130DBUBXYUB,1,31/01/26 15:55,30/01/26 15:33,น******จ
782,260130DJP4TU52,1,31/01/26 15:55,30/01/26 17:05,ว******ง
783,260130DTR208P2,2,31/01/26 15:55,30/01/26 19:30,น******ี
784,260130DVURR5GR,1,31/01/26 15:55,30/01/26 20:08,ณ******ย
785,260130E182MUR1,2,31/01/26 15:55,30/01/26 21:56,ซ****า
786,260131E8XWWXG0,1,31/01/26 15:55,30/01/26 23:44,ศ****ฐ
787,260131FAQPW16J,1,31/01/26 15:55,31/01/26 9:49,K**m
788,260131FAUNQ0YN,1,31/01/26 15:55,31/01/26 9:52,น******์
789,260131FE16V177,1,31/01/26 15:55,31/01/26 10:47,ภ******ิ
790,260131FEBX77Q3,2,31/01/26 15:55,31/01/26 10:54,n****r
791,260131FEC5SUM1,1,31/01/26 15:55,31/01/26 10:54,ศ******ง
792,260131FFBK18JY,1,31/01/26 15:55,31/01/26 11:11,L****a
793,260131FGBSXCPC,1,31/01/26 15:55,31/01/26 11:29,ว******ย
794,260131FP1WT6FU,1,31/01/26 15:55,31/01/26 13:11,K*****a
795,260130D8J7B5H5,2,31/01/26 15:56,30/01/26 14:34,ส******ก
796,260130DFSV824A,1,31/01/26 15:56,30/01/26 16:14,น******น
797,260130DKP1AME6,2,31/01/26 15:56,30/01/26 17:23,ว******า
798,260130DT9DQNG5,3,31/01/26 15:56,30/01/26 19:22,ณ******ี
799,260130DWJDEYWA,1,31/01/26 15:56,30/01/26 20:20,เ******t
800,260131F0XNEYP6,1,31/01/26 15:56,31/01/26 6:54,ก******ด
801,260131FGQU86XG,1,31/01/26 15:56,31/01/26 11:36,S******o
