sort_rank,invoice_number,customer_name,order_date_display,order_sort_key
1,260131G92DX82T,อ******ง,02/02/26,02/02/26 14:41
2,260131G0C2MCEW,จ******ย,02/02/26,02/02/26 14:42
3,260131G2CMA1EN,ว******์,02/02/26,02/02/26 14:42
4,260131GBWQ1NW5,พ******์,02/02/26,02/02/26 14:43
5,260131GHDA3TAQ,A***N,02/02/26,02/02/26 14:43
6,260131GPB8JTVF,D**a,02/02/26,02/02/26 14:43
7,260131FB3P7FGT,แ****ย,02/02/26,02/02/26 16:21
8,260131FQV940BT,จ*****ั,02/02/26,02/02/26 16:50
9,260105810C0JE2,ด******น,05/01/26,05/01/26 11:27
10,26010582NN6FNA,ธ******),05/01/26,05/01/26 11:48
11,26010581WHPEX8,ป******์,05/01/26,05/01/26 12:00
12,2601058PDXBJQ5,ร******์,06/01/26,06/01/26 11:48
13,260105959WDSN7,เ******ณ,06/01/26,06/01/26 11:48
14,26010595Q6U82K,ณ******า,06/01/26,06/01/26 11:48
15,26010599701PQ0,ว******น,06/01/26,06/01/26 11:48
16,2601059ADWJVVM,ห******ล,06/01/26,06/01/26 11:48
17,2601059EGUXXM6,โ******ี,06/01/26,06/01/26 11:48
18,2601058C604XGP,ซ******่,06/01/26,06/01/26 14:52
19,2601058EUNWKJ2,ว******์,06/01/26,06/01/26 14:52
20,2601058NWHUKTC,ย**ม,06/01/26,06/01/26 14:52
21,260105906DKHTJ,N******n,06/01/26,06/01/26 14:52
22,260105973C4JTK,อ******์,06/01/26,06/01/26 14:52
23,26010598NK3YKF,จ******ี,06/01/26,06/01/26 14:52
24,2601059AUSWN5U,ศ******ร,06/01/26,06/01/26 14:52
25,2601069NA912J6,พ******),06/01/26,06/01/26 14:52
26,260106AG8EUA39,ธ******์,06/01/26,06/01/26 14:52
27,260106AGPQNCQT,น***ร,06/01/26,06/01/26 14:52
28,260106ANVWBB33,น*ำ,06/01/26,06/01/26 14:52
29,260106APQ1QVC1,ส******์,06/01/26,06/01/26 14:52
30,260106AQGYEASY,ม******),06/01/26,06/01/26 14:52
31,260106ASUQ7K0N,ช******ล,06/01/26,06/01/26 14:52
32,260106AVE44A37,ส******ง,06/01/26,06/01/26 14:52
33,260106BPFU6K8Y,ญ******์,07/01/26,07/01/26 15:33
34,260106BST145HJ,พ******ล,07/01/26,07/01/26 15:33
35,260106BW6KAN9J,ช******ง,07/01/26,07/01/26 15:33
36,260106C17A8E9J,น****ย,07/01/26,07/01/26 15:33
37,260106C1KRWWMD,ข******ม,07/01/26,07/01/26 15:33
38,260107CY36DQWN,ร******ง,07/01/26,07/01/26 15:33
39,260106AW7FPCX9,ว******์,07/01/26,07/01/26 15:55
40,260106AY8YVD6E,น******ล,07/01/26,07/01/26 15:55
41,260106B0MPY3N9,โ******ง,07/01/26,07/01/26 15:55
42,260106B4UJ9MFY,N******t,07/01/26,07/01/26 15:55
43,260106B7BXBM89,ณ******์,07/01/26,07/01/26 15:55
44,260106B8H9AB9R,ส******ฑ,07/01/26,07/01/26 15:55
45,260106BET44FQF,จ******ำ,07/01/26,07/01/26 15:55
46,260106BJ7F4FYX,น*****า,07/01/26,07/01/26 15:55
47,260106BK5M7FAD,ช******ช,07/01/26,07/01/26 15:55
48,260106BKEEJPRA,ค******ณ,07/01/26,07/01/26 15:55
49,260107CQ3FU8E1,น******ว,07/01/26,07/01/26 15:55
50,260107D0XAF5YN,พ******),07/01/26,07/01/26 15:55
51,260107D4AEENT4,บ******),07/01/26,07/01/26 15:55
52,260107D8NRTN7Q,ส******​,07/01/26,07/01/26 15:55
53,260107EBVHBWDJ,พ******ฑ,08/01/26,08/01/26 12:40
54,260107EHK0Q3BY,ว******),08/01/26,08/01/26 12:40
55,260108EKFQAC69,น******ข,08/01/26,08/01/26 12:40
56,260108ESHWGE7M,จ******ม,08/01/26,08/01/26 12:40
57,260107DHUUR8Q0,ช******์,08/01/26,08/01/26 15:38
58,260107DMGF668S,ป******์,08/01/26,08/01/26 15:38
59,260107DS59UK3E,ณ******ญ,08/01/26,08/01/26 15:38
60,260107DTK4KSRT,ช******ด,08/01/26,08/01/26 15:38
61,260107E1RG3WKY,ช******ต,08/01/26,08/01/26 15:38
62,260107ECR7AUBM,ณ******ง,08/01/26,08/01/26 15:38
63,260107ED7R5J7S,ธ******ร,08/01/26,08/01/26 15:38
64,260107EEFP32F5,ว******ร,08/01/26,08/01/26 15:38
65,260107EHKB7G5H,ภ******า,08/01/26,08/01/26 15:38
66,260108EN5KJ1HQ,น******g,08/01/26,08/01/26 15:38
67,260108EQW4JTCN,อ******ล,08/01/26,08/01/26 15:38
68,260108FGP2XTDK,ม******),08/01/26,08/01/26 15:38
69,260108FH9U87YS,M******),08/01/26,08/01/26 15:38
70,260108FKPE7HX8,ช******ร,08/01/26,08/01/26 15:38
71,260108FMFRTJW7,อ******ด,08/01/26,08/01/26 15:38
72,260108FNDNA17J,Z******g,08/01/26,08/01/26 15:38
73,260108FNF8UC5B,ส******ง,08/01/26,08/01/26 15:38
74,260108FQ43QEGE,ร******ง,08/01/26,08/01/26 15:38
75,260108FSEWCS4X,พ******),08/01/26,08/01/26 15:38
76,260108FT5DFSF0,ส******น,08/01/26,08/01/26 15:38
77,260107DJ7KFNYX,ม******์,08/01/26,08/01/26 15:39
78,260107DK5NRSD7,ภ******ล,08/01/26,08/01/26 15:39
79,260107DP970J8D,ว******์,08/01/26,08/01/26 15:39
80,260107DU994SD4,น******า,08/01/26,08/01/26 15:39
81,260107DUCYCREW,ก******.,08/01/26,08/01/26 15:39
82,260108EQK51MM3,แ******์,08/01/26,08/01/26 15:39
83,260108ER551DT8,แ******์,08/01/26,08/01/26 15:39
84,260108F2276EEB,ล******า,08/01/26,08/01/26 15:39
85,260108F8TKUVER,ก****ย,08/01/26,08/01/26 15:39
86,260108FDMJGV0D,ป******),08/01/26,08/01/26 15:39
87,260108FK889AB6,ป***ม,08/01/26,08/01/26 15:39
88,260108FKPE7HXX,ย******ิ,08/01/26,08/01/26 15:39
89,260108FY26REAS,อ******อ,09/01/26,09/01/26 16:56
90,260108FYH5FRE8,ภ******์,09/01/26,09/01/26 16:56
91,260108G08QSHK2,ย******์,09/01/26,09/01/26 16:56
92,260108G6RX7YUG,ส******์,09/01/26,09/01/26 16:56
93,260108G7V7CR2D,J*b,09/01/26,09/01/26 16:56
94,260108G82W047H,ค******ณ,09/01/26,09/01/26 16:56
95,260108GAFKRGK4,พ******์,09/01/26,09/01/26 16:56
96,260108GFM8TTG5,ว******ร,09/01/26,09/01/26 16:56
97,260108GJDVFN94,ก******า,09/01/26,09/01/26 16:56
98,260108GU0BTJFB,ค*****ก,09/01/26,09/01/26 16:56
99,260108GVNPXCNX,น******ร,09/01/26,09/01/26 16:56
100,260108GY1NUK01,ธ******์,09/01/26,09/01/26 16:56
101,260109H3BP7WKS,ส******),09/01/26,09/01/26 16:56
102,260109HVMSKANM,จ******์,09/01/26,09/01/26 16:56
103,260109HYBTBS6B,ฝ**ย,09/01/26,09/01/26 16:56
104,260109J10N72TS,อ******พ,09/01/26,09/01/26 16:56
105,260109J4N36UDP,ศ******ย,09/01/26,09/01/26 16:56
106,260109JCSQ2T77,ก***า,09/01/26,09/01/26 16:56
107,260108G266ASMR,ข******ล,09/01/26,09/01/26 16:57
108,260108G3A88PR7,บ******่,09/01/26,09/01/26 16:57
109,260108G45B5PRQ,ศ******ง,09/01/26,09/01/26 16:57
110,260108G6YWAEJX,ธ******ี,09/01/26,09/01/26 16:57
111,260108GE7Q2SNJ,น******์,09/01/26,09/01/26 16:57
112,260108GHUSMER1,พ******ม,09/01/26,09/01/26 16:57
113,260108GQERD1T4,ค*****ง,09/01/26,09/01/26 16:57
114,260108GQJBT087,ค******ี,09/01/26,09/01/26 16:57
115,260108GRFBREMY,ส******ญ,09/01/26,09/01/26 16:57
116,260108GVVEE4M1,น******ะ,09/01/26,09/01/26 16:57
117,260108GWGWJ4RY,ม******์,09/01/26,09/01/26 16:57
118,260108GYHAG4NT,อ******ล,09/01/26,09/01/26 16:57
119,260108H02687VX,อ******ง,09/01/26,09/01/26 16:57
120,260109H6K6BFEK,k******w,09/01/26,09/01/26 16:57
121,260109HRQDEBBJ,จ******ม,09/01/26,09/01/26 16:57
122,260109HWYWKFRS,บ******ว,09/01/26,09/01/26 16:57
123,260108GTK5AW4U,ม******า,09/01/26,09/01/26 16:58
124,260109HXX1QV97,R******n,09/01/26,09/01/26 16:58
125,260108GDAGFMF0,อ******น,10/01/26,10/01/26 11:53
126,260109J1G1A8G0,ธ******ข,10/01/26,10/01/26 11:53
127,260109KAACNH2N,อ******ย,10/01/26,10/01/26 11:53
128,260110KS6JDKM4,ส******ม,10/01/26,10/01/26 11:53
129,260108G5KM84MS,น******์,10/01/26,10/01/26 11:54
130,260109HKPR72H8,จ******์,10/01/26,10/01/26 11:54
131,260109J01GKTNU,น******ี,10/01/26,10/01/26 11:54
132,260109J05DFVV4,ส******ะ,10/01/26,10/01/26 11:54
133,260109K3TCY26M,ฐ******ร,10/01/26,10/01/26 11:54
134,260109JP644T8U,ท******์,10/01/26,10/01/26 16:24
135,260109JQA7WY2Y,อ******์,10/01/26,10/01/26 16:24
136,260109K32TMASH,ส******ณ,10/01/26,10/01/26 16:24
137,260109KDPGH2RD,ไ******),10/01/26,10/01/26 16:24
138,260110KV9X0VJC,พ******ะ,10/01/26,10/01/26 16:24
139,260110MN35YS1E,ก******า,10/01/26,10/01/26 16:24
140,260110MNDQG7P2,อ******์,10/01/26,10/01/26 16:24
141,260110MQT2UCR3,แ******น,10/01/26,10/01/26 16:24
142,260110MU2HH0JH,อ******์,10/01/26,10/01/26 16:24
143,260110MU3QMGRD,ว******ร,10/01/26,10/01/26 16:24
144,260110MX8F110C,พ******น,10/01/26,10/01/26 16:24
145,260110MYB55D9K,เ**์,10/01/26,10/01/26 16:24
146,260110N058GK5B,อ******ำ,10/01/26,10/01/26 16:24
147,260109JDSPB84T,A******r,10/01/26,10/01/26 16:25
148,260109JXPS84P0,ส******ง,10/01/26,10/01/26 16:25
149,260109JYYQKPJ4,เ******า,10/01/26,10/01/26 16:25
150,260109K3JPUPCG,ณ******ว,10/01/26,10/01/26 16:25
151,260109K551P3BG,น****า,10/01/26,10/01/26 16:25
152,260109KC6DBFRS,ส******ต,10/01/26,10/01/26 16:25
153,260109KC97XA1R,บ*ว,10/01/26,10/01/26 16:25
154,260109KK67E3R5,S******m,10/01/26,10/01/26 16:25
155,260110KP1JDG1G,ณ******),10/01/26,10/01/26 16:25
156,260110MAW0YABC,ต******ะ,10/01/26,10/01/26 16:25
157,260110MBX5E6WM,a******8,10/01/26,10/01/26 16:25
158,260110MFTTMSJM,ล******ช,10/01/26,10/01/26 16:25
159,260110MG7B542E,ฉ******ี,10/01/26,10/01/26 16:25
160,260110MJ4SPBKE,ณ******น,10/01/26,10/01/26 16:25
161,260110MNSUNPSH,ป******์,10/01/26,10/01/26 16:25
162,260110NHYPT4Q0,แ******ป,12/01/26,12/01/26 12:20
163,260110NUKUT7AY,เ******ุ,12/01/26,12/01/26 12:20
164,260110NX8P022J,ภ******ณ,12/01/26,12/01/26 12:20
165,260111Q3A65Y4N,ร******ด,12/01/26,12/01/26 12:20
166,260111Q7C8XDTU,ว******์,12/01/26,12/01/26 12:20
167,260111QGGSA6RS,จ******์,12/01/26,12/01/26 12:20
168,260111QQTUDG28,M*N,12/01/26,12/01/26 12:20
169,260111QY51DN66,S******n,12/01/26,12/01/26 12:20
170,260111RGCH4X3S,N******P,12/01/26,12/01/26 12:20
171,260112S9K93YW2,น******),12/01/26,12/01/26 12:20
172,260110N6A5EAFV,พ******์,12/01/26,12/01/26 15:52
173,260110NVS4WC7A,ต******ล,12/01/26,12/01/26 15:52
174,260111QA82AHSN,N******n,12/01/26,12/01/26 15:52
175,260111QAKQ6DK0,ก******ง,12/01/26,12/01/26 15:52
176,260111QG4FEMCQ,ก******า,12/01/26,12/01/26 15:52
177,260111QKPEA9FM,ม******์,12/01/26,12/01/26 15:52
178,260111QPHGPNPV,ว******า,12/01/26,12/01/26 15:52
179,260111QVD9TE8V,ส******ง,12/01/26,12/01/26 15:52
180,260111QWNXMT1W,เ******ล,12/01/26,12/01/26 15:52
181,260111R52FVNM1,จ******์,12/01/26,12/01/26 15:52
182,260111R63EQRRG,ป******น,12/01/26,12/01/26 15:52
183,260111RK35ERR9,ค******),12/01/26,12/01/26 15:52
184,260112SJF8NDPT,ห**ย,12/01/26,12/01/26 15:52
185,260112SWW135FB,ป******),12/01/26,12/01/26 15:52
186,260110N8RGNUGS,ด***ช,12/01/26,12/01/26 15:53
187,260110NSS0B38T,พ******ด,12/01/26,12/01/26 15:53
188,260110P2X9D8D1,พ******ด,12/01/26,12/01/26 15:53
189,260111PB9QQK10,น******์,12/01/26,12/01/26 15:53
190,260111Q366D0KQ,น******ย,12/01/26,12/01/26 15:53
191,260111QB1RBVNS,N******n,12/01/26,12/01/26 15:53
192,260111QFX49JDG,ฟ******ม,12/01/26,12/01/26 15:53
193,260111QGJV109B,ห******ล,12/01/26,12/01/26 15:53
194,260111QHVAJKM6,น******น,12/01/26,12/01/26 15:53
195,260111QJ1EN0X6,ค******ล,12/01/26,12/01/26 15:53
196,260111QM4GCAS4,ศ******์,12/01/26,12/01/26 15:53
197,260111QQ5910MU,ศ******ข,12/01/26,12/01/26 15:53
198,260111QRHK3KUF,ก******์,12/01/26,12/01/26 15:53
199,260111QXEWU74K,ส******ม,12/01/26,12/01/26 15:53
200,260111QY2FCGQ3,น******า,12/01/26,12/01/26 15:53
201,260111QY5HK2RW,ส******น,12/01/26,12/01/26 15:53
202,260111R2VERNWQ,ส******น,12/01/26,12/01/26 15:53
203,260111R7V7E14P,เ*้,12/01/26,12/01/26 15:53
204,260111R95J76ND,พ******.,12/01/26,12/01/26 15:53
205,260111R9FV5VDQ,ข******ต,12/01/26,12/01/26 15:53
206,260111RFFQXB0W,ค******ิ,12/01/26,12/01/26 15:53
207,260111RGYCUSJV,จ******า,12/01/26,12/01/26 15:53
208,260111P87N6C59,ส******จ,12/01/26,12/01/26 15:54
209,260111RB2248N1,ป******ี,12/01/26,12/01/26 15:54
210,260112SKXUR4J1,ณ******​,12/01/26,12/01/26 15:54
211,260112SMX436QW,ผ******์,12/01/26,12/01/26 15:54
212,260112SNBM55D3,ก******ุ,12/01/26,12/01/26 15:54
213,260112SR3GFRT8,บ******น,12/01/26,12/01/26 15:54
214,260112SU6YVC5N,ป******า,12/01/26,12/01/26 15:54
215,260112SUJNRC31,ส****า,12/01/26,12/01/26 15:54
216,260112SUUY8QKV,จ******ว,12/01/26,12/01/26 15:54
217,260110NHFUESXP,น******ล,12/01/26,12/01/26 15:55
218,260110NU294B2N,ว******อ,12/01/26,12/01/26 15:55
219,260110NXBU18EV,บ******),12/01/26,12/01/26 15:55
220,260110P1KW9E11,ธ******จ,12/01/26,12/01/26 15:55
221,260111PFT56GM4,W**a,12/01/26,12/01/26 15:55
222,260111Q4T9ET7N,พ**ย,12/01/26,12/01/26 15:55
223,260111Q5T5UU1Q,ก******ะ,12/01/26,12/01/26 15:55
224,260111QBD7GKWM,แ******า,12/01/26,12/01/26 15:55
225,260111QEHQ9CQK,น******ี,12/01/26,12/01/26 15:55
226,260111QEQ4URFY,อ******ะ,12/01/26,12/01/26 15:55
227,260111QGGPDDTC,เ******ญ,12/01/26,12/01/26 15:55
228,260111QJE04ATH,ก******า,12/01/26,12/01/26 15:55
229,260111QJK9VAXW,ป*****้,12/01/26,12/01/26 15:55
230,260111QKS192NG,น******ุ,12/01/26,12/01/26 15:55
231,260111QNPMER08,บ******ด,12/01/26,12/01/26 15:55
232,260111QQ4TN8YY,ฌ******ง,12/01/26,12/01/26 15:55
233,260111QVQKSPFR,ส******ง,12/01/26,12/01/26 15:55
234,260111RF92AFEG,ส******จ,12/01/26,12/01/26 15:55
235,260112RS6TAK72,ณ******ี,12/01/26,12/01/26 15:55
236,260112S1NR8E21,ท******ี,12/01/26,12/01/26 15:55
237,260112SJJR9V24,เ******ส,12/01/26,12/01/26 15:55
238,260112SWEV3QKP,ป******0,12/01/26,12/01/26 15:55
239,260112SXK2TXMY,อ******ล,12/01/26,12/01/26 15:55
240,260110N86W0XCW,ช******ช,12/01/26,12/01/26 15:56
241,260110NM2FYWGG,ณ******ง,12/01/26,12/01/26 15:56
242,260111QNJ0NA2D,ก******์,12/01/26,12/01/26 15:56
243,260111R7V3M2NW,ย******ศ,12/01/26,12/01/26 15:56
244,260111RFVQQUYE,น******์,12/01/26,12/01/26 15:56
245,260112RNKENNAD,ร******ร,12/01/26,12/01/26 15:56
246,260112T3PNHGF4,P*,13/01/26,13/01/26 15:40
247,260112TMVX6YF8,ภ******ะ,13/01/26,13/01/26 15:40
248,260112TUVBWPER,เ******ล,13/01/26,13/01/26 15:40
249,260112TWUDWXE9,ส******ร,13/01/26,13/01/26 15:40
250,260112TYT6B6GS,จ******ว,13/01/26,13/01/26 15:40
251,260112U1CXD8KU,ธ******ร,13/01/26,13/01/26 15:40
252,260112U27F5V96,พ******ม,13/01/26,13/01/26 15:40
253,260113V3GME1GX,เ******์,13/01/26,13/01/26 15:40
254,260113V9FC130Y,ท******ะ,13/01/26,13/01/26 15:40
255,260113VD1554J8,ช******า,13/01/26,13/01/26 15:40
256,260113VECBYXCQ,K******a,13/01/26,13/01/26 15:40
257,260113VEJP4VFE,พ******ร,13/01/26,13/01/26 15:40
258,260113VFERETR1,ว******ด,13/01/26,13/01/26 15:40
259,260113VFGW6NAU,อ******ะ,13/01/26,13/01/26 15:40
260,260113VFS5BVA0,ท******์,13/01/26,13/01/26 15:40
261,260112SY3J7E4W,น******ี,13/01/26,13/01/26 15:41
262,260112T1KY9NPG,ธ******ี,13/01/26,13/01/26 15:41
263,260112T3WA9EV2,พ******ย,13/01/26,13/01/26 15:41
264,260112T4VDTYU8,ส******ู,13/01/26,13/01/26 15:41
265,260112T7JJWWB4,น******ล,13/01/26,13/01/26 15:41
266,260112T9X7CPP2,เ******),13/01/26,13/01/26 15:41
267,260112TB7VM8BQ,บ******ด,13/01/26,13/01/26 15:41
268,260112TPJ992DY,ก******์,13/01/26,13/01/26 15:41
269,260112TRE64YNA,ท******า,13/01/26,13/01/26 15:41
270,260112TRV8BNJB,พ******),13/01/26,13/01/26 15:41
271,260112TTPHN5HY,น******ล,13/01/26,13/01/26 15:41
272,260112TVBTTN39,ส*****า,13/01/26,13/01/26 15:41
273,260112TXFMFUHW,I******a,13/01/26,13/01/26 15:41
274,260112U27M0EYU,(******w,13/01/26,13/01/26 15:41
275,260113U6R66NUF,ช******),13/01/26,13/01/26 15:41
276,260113UCFH83N6,อ******ร,13/01/26,13/01/26 15:41
277,260113V12TD94M,อ******ม,13/01/26,13/01/26 15:41
278,260113V2B0W1F8,ช******ล,13/01/26,13/01/26 15:41
279,260113V5QQY4A8,พ******์,13/01/26,13/01/26 15:41
280,260113VUGRE709,ก******์,14/01/26,14/01/26 11:49
281,2601140T1T4BY9,ไ******ล,14/01/26,14/01/26 11:49
282,260113VY9FUFE0,พ******),14/01/26,14/01/26 15:29
283,260113W1H3ER3J,เ******า,14/01/26,14/01/26 15:29
284,26011303UK4SXN,ส******า,14/01/26,14/01/26 15:29
285,26011305QJTYSG,จ******า,14/01/26,14/01/26 15:29
286,26011307YJY9V4,เ******ี,14/01/26,14/01/26 15:29
287,2601130ACTVEW3,ช******์,14/01/26,14/01/26 15:29
288,2601130C8AE2DP,ม******์,14/01/26,14/01/26 15:29
289,2601130D0FT7KR,น******า,14/01/26,14/01/26 15:29
290,2601140RJ2AETE,ส******์,14/01/26,14/01/26 15:29
291,2601140T9TMYB4,จ******ะ,14/01/26,14/01/26 15:29
292,26011419DHSD32,อ******ม,14/01/26,14/01/26 15:29
293,2601141F8E9JD0,น******์,14/01/26,14/01/26 15:29
294,2601141QATM1W8,ช******ช,14/01/26,14/01/26 15:29
295,2601141RSVGC8M,N******y,14/01/26,14/01/26 15:29
296,2601141SYQKH73,ป******ี,14/01/26,14/01/26 15:29
297,2601141T1FW3C8,ฐ******า,14/01/26,14/01/26 15:29
298,2601141U57BATU,ก******ง,14/01/26,14/01/26 15:29
299,2601141VN5U19X,ฉ******ข,14/01/26,14/01/26 15:29
300,260113VPQ9YKTT,ช******ำ,14/01/26,14/01/26 15:30
301,260113VT212Q2K,ส*ม,14/01/26,14/01/26 15:30
302,260113VWNS61P8,ท******์,14/01/26,14/01/26 15:30
303,26011300UEK1GS,K*****์,14/01/26,14/01/26 15:30
304,2601130534PB7R,ไ******ำ,14/01/26,14/01/26 15:30
305,26011307W0WGVV,ห******.,14/01/26,14/01/26 15:30
306,2601130ANDH8BP,เ*ก,14/01/26,14/01/26 15:30
307,2601140N86USPX,ห******์,14/01/26,14/01/26 15:30
308,2601140RUQ9M6J,ภ******์,14/01/26,14/01/26 15:30
309,2601140T78KQVA,น******์,14/01/26,14/01/26 15:30
310,2601141C00JDK7,ส******ี,14/01/26,14/01/26 15:30
311,2601142139UYS4,o******t,15/01/26,15/01/26 11:52
312,2601142ND1WQ0X,อ******์,15/01/26,15/01/26 11:52
313,2601142Q4FP4CM,H******),15/01/26,15/01/26 11:52
314,26011542NK8E11,ร******ี,15/01/26,15/01/26 11:53
315,2601142504T4GT,ก******ื,15/01/26,15/01/26 15:05
316,26011536Q6FVUQ,จ******น,15/01/26,15/01/26 15:05
317,2601154BS8UCTP,ฟ******ด,15/01/26,15/01/26 15:05
318,2601154HTKA8DH,ส******ี,15/01/26,15/01/26 15:05
319,2601142364Y5V9,เ******ก,15/01/26,15/01/26 15:06
320,26011429371AYF,น******์,15/01/26,15/01/26 15:06
321,2601142B7VCSXV,ไ******์,15/01/26,15/01/26 15:06
322,2601142BKAJB9W,อ******า,15/01/26,15/01/26 15:06
323,2601142C40ND0K,ว******์,15/01/26,15/01/26 15:06
324,2601142CQBK119,ว******ม,15/01/26,15/01/26 15:06
325,2601142FGXAPQY,น******อ,15/01/26,15/01/26 15:06
326,2601142GC51JSP,A******t,15/01/26,15/01/26 15:06
327,2601142JKD7P9A,พ******์,15/01/26,15/01/26 15:06
328,2601142W2BHYDN,น******),15/01/26,15/01/26 15:06
329,26011532U6889H,ส******ย,15/01/26,15/01/26 15:06
330,26011535XX8JWB,ช******ช,15/01/26,15/01/26 15:06
331,2601153606A506,ค******์,15/01/26,15/01/26 15:06
332,26011536EWCMF2,น******ร,15/01/26,15/01/26 15:06
333,2601153AVCG39T,S******g,15/01/26,15/01/26 15:06
334,2601153D5RDU0A,K***s,15/01/26,15/01/26 15:06
335,2601153TH35HWP,ธ******์,15/01/26,15/01/26 15:06
336,26011542U2NDWC,ป******์,15/01/26,15/01/26 15:06
337,26011542X4WRPH,ณ******ะ,15/01/26,15/01/26 15:06
338,260115498XPV7S,ม******์,15/01/26,15/01/26 15:06
339,2601154ERMJS78,ไ******ำ,15/01/26,15/01/26 15:06
340,2601154G29TY51,ณ******ข,15/01/26,15/01/26 15:06
341,2601154HH5WK5S,น******ง,15/01/26,15/01/26 15:06
342,2601141XA89F3V,ส******ว,15/01/26,15/01/26 15:07
343,26011425A75NJ4,B******g,15/01/26,15/01/26 15:07
344,2601142VUMYCJD,S***R,15/01/26,15/01/26 15:07
345,2601142WU60RTE,ส******น,15/01/26,15/01/26 15:07
346,26011431C4CVSW,ณ******ะ,15/01/26,15/01/26 15:07
347,2601153DUW042C,ช******),15/01/26,15/01/26 15:07
348,2601153MNSAVDA,อ******์,15/01/26,15/01/26 15:07
349,2601153U1EPCYS,ส******ะ,15/01/26,15/01/26 15:07
350,2601153XDFT3BE,ป******ร,15/01/26,15/01/26 15:07
351,26011541GUB3EP,เ******์,15/01/26,15/01/26 15:07
352,26011541H9MS3D,ป******ง,15/01/26,15/01/26 15:07
353,260115438DYAG9,ช******า,15/01/26,15/01/26 15:07
354,260115439J51DY,น******ญ,15/01/26,15/01/26 15:07
355,2601154HXRSQX1,ส******ง,16/01/26,16/01/26 11:41
356,2601154K1HSJD1,เ******ี,16/01/26,16/01/26 11:41
357,2601166UNDEVTC,ธ******้,17/01/26,17/01/26 13:32
358,2601166W0172CU,ก******ม,17/01/26,17/01/26 13:32
359,2601166YU9CJED,ก******ญ,17/01/26,17/01/26 13:32
360,26011672RR3NW1,น******ิ,17/01/26,17/01/26 13:32
361,2601167B5YKK29,อ******ร,17/01/26,17/01/26 13:32
362,2601167G377HGH,โ******ง,17/01/26,17/01/26 13:32
363,2601167JXM45XN,ร******์,17/01/26,17/01/26 13:32
364,2601167RUM9ERB,จ******์,17/01/26,17/01/26 13:32
365,2601178T2F555U,ธ******์,17/01/26,17/01/26 13:32
366,26011795J9F8EE,ด******า,17/01/26,17/01/26 13:32
367,2601179BWJGEAD,เ******ี,17/01/26,17/01/26 13:32
368,2601179D1BT01H,อ******ำ,17/01/26,17/01/26 13:32
369,2601179DDX7GM5,ส******ล,17/01/26,17/01/26 13:32
370,2601179DK0CCSC,ก******),17/01/26,17/01/26 13:32
371,2601166VM1V96C,น******ค,17/01/26,17/01/26 13:33
372,2601166VUAJFD3,พ******ร,17/01/26,17/01/26 13:33
373,2601167C5CSN1R,ส******ว,17/01/26,17/01/26 13:33
374,26011788BR2XY1,น******ก,17/01/26,17/01/26 13:33
375,2601178DAVSGS1,ต*๋,17/01/26,17/01/26 13:33
376,260118BWKSS1E5,พ******า,19/01/26,19/01/26 11:57
377,260118CYT3TQ7H,ป******ม,19/01/26,19/01/26 11:57
378,260118CMQ6FB1T,น******บ,19/01/26,19/01/26 11:58
379,260117A5XBXF9S,ภ*****ี,19/01/26,19/01/26 11:59
380,260117AHXHSRKR,ว******ง,19/01/26,19/01/26 11:59
381,260118AQ7YBNSJ,พ******น,19/01/26,19/01/26 11:59
382,260118BR5GPCKP,ธ******์,19/01/26,19/01/26 11:59
383,260117A7BT85SJ,จ***่,19/01/26,19/01/26 15:55
384,260119D4UVA14Y,อ******า,19/01/26,19/01/26 15:55
385,260119EA2NBE0U,ป******ด,19/01/26,19/01/26 15:55
386,2601179NN61E15,จ******ร,19/01/26,19/01/26 15:56
387,260117A1X925B3,K******l,19/01/26,19/01/26 15:56
388,260117A8V80TCC,ต******์,19/01/26,19/01/26 15:56
389,260117AK1Q27RP,ช******ร,19/01/26,19/01/26 15:56
390,260118AM4D6868,ก******ุ,19/01/26,19/01/26 15:56
391,260118BE0WACH1,ว******์,19/01/26,19/01/26 15:56
392,260118C6AWW0GY,ณ******์,19/01/26,19/01/26 15:56
393,260118CMD286CR,ป******์,19/01/26,19/01/26 15:56
394,260118CTRJTS3A,จ******ง,19/01/26,19/01/26 15:56
395,260119D62URR4R,โ******ง,19/01/26,19/01/26 15:56
396,2601179FPDN3M4,ณ******า,19/01/26,19/01/26 15:57
397,2601179G2A3QNE,พ******ี,19/01/26,19/01/26 15:57
398,2601179KCF336F,ณ******ภ,19/01/26,19/01/26 15:57
399,2601179YE5HP9M,ร******ร,19/01/26,19/01/26 15:57
400,260117A8WF45JG,ต******์,19/01/26,19/01/26 15:57
401,260117A97R40Y4,บ******ี,19/01/26,19/01/26 15:57
402,260117AG1R8HQG,อ******ะ,19/01/26,19/01/26 15:57
403,260118BV7EQP79,ธ******จ,19/01/26,19/01/26 15:57
404,260118BVG3B2B4,ร******์,19/01/26,19/01/26 15:57
405,260118BVT5N9W9,ก******),19/01/26,19/01/26 15:57
406,260118C4MEK7TW,ก******์,19/01/26,19/01/26 15:57
407,260118C8EMNNC2,อ******ด,19/01/26,19/01/26 15:57
408,260118CCV4P7KP,น******า,19/01/26,19/01/26 15:57
409,260118CRY8WG3S,น******ญ,19/01/26,19/01/26 15:57
410,260118CTNYUY43,น******ี,19/01/26,19/01/26 15:57
411,260118CUWUX7GA,ศ******า,19/01/26,19/01/26 15:57
412,260119E53V6BTP,ช******ญ,19/01/26,19/01/26 15:57
413,260119E7J3JGQS,ณ******ญ,19/01/26,19/01/26 15:57
414,260119EBWQFFPG,L******g,19/01/26,19/01/26 15:57
415,260119ECFB645Y,ร******์,19/01/26,19/01/26 15:57
416,2601179PCMKCPJ,แ***พ,19/01/26,19/01/26 15:58
417,2601179V4JPWPP,ก******ญ,19/01/26,19/01/26 15:58
418,260117A73MY867,ส******ี,19/01/26,19/01/26 15:58
419,260118C16T1XTH,น******ง,19/01/26,19/01/26 15:58
420,260118C5NTR706,ฟ******ม,19/01/26,19/01/26 15:58
421,260118CFPWK90F,ศ******ี,19/01/26,19/01/26 15:58
422,260118CT04VQUU,ว******ม,19/01/26,19/01/26 15:58
423,260118CUSGQH9T,ป******์,19/01/26,19/01/26 15:58
424,260119DCNQXJ63,ณ******ย,19/01/26,19/01/26 15:58
425,2601179TVB6HHD,ฟ******ด,19/01/26,19/01/26 15:59
426,260118BEXH8FB0,A******2,19/01/26,19/01/26 15:59
427,260118BS76C5N6,อ******า,19/01/26,19/01/26 15:59
428,260118C061XCS7,ส**า,19/01/26,19/01/26 15:59
429,260118C35VXGM4,ป******อ,19/01/26,19/01/26 15:59
430,260119DBSJRGHF,ส******์,19/01/26,19/01/26 15:59
431,260119E03BPJ4S,เ******​,19/01/26,19/01/26 15:59
432,260119E45DFC6Y,ล******์,19/01/26,19/01/26 15:59
433,2601179ETHXMJN,ข******ว,19/01/26,19/01/26 16:00
434,260117A9VKNWKB,ว******อ,19/01/26,19/01/26 16:00
435,260117AJ812CYA,B****e,19/01/26,19/01/26 16:00
436,260118BS4ATT9R,S******t,19/01/26,19/01/26 16:00
437,260118C5UUBB00,ว******ษ,19/01/26,19/01/26 16:00
438,260118C7VJRR7A,อ******ี,19/01/26,19/01/26 16:00
439,260118CE8B1TXC,ศ******ต,19/01/26,19/01/26 16:00
440,260118CH2EWAVX,ภ******ม,19/01/26,19/01/26 16:00
441,260118CKKNNWVB,ณ******์,19/01/26,19/01/26 16:00
442,260118D0NNX15U,ซ******ร,19/01/26,19/01/26 16:00
443,260118D1RCYS2Q,ช******์,19/01/26,19/01/26 16:00
444,260119D7U1C5CX,น******์,19/01/26,19/01/26 16:00
445,260119E7Y3C4HA,จ******ญ,19/01/26,19/01/26 16:00
446,2601179YSTDTPB,ท******ล,19/01/26,19/01/26 16:01
447,260118BPQG89HU,ว******์,19/01/26,19/01/26 16:01
448,260118BTKKAGAF,จ******บ,19/01/26,19/01/26 16:01
449,260118BU0TTGTU,ส******ำ,19/01/26,19/01/26 16:01
450,260118CN502AVQ,ศ******ง,19/01/26,19/01/26 16:01
451,260119E6GKNBS9,K******์,19/01/26,19/01/26 16:01
452,260119E8PB7JTT,ช******ต,19/01/26,19/01/26 16:01
453,2601179NWYC90U,ผ******-,20/01/26,20/01/26 13:48
454,260117AEKJ16JU,ป******์,20/01/26,20/01/26 13:48
455,260119EECYBX8A,เ******์,20/01/26,20/01/26 13:48
456,260119EG02UQ51,พ******ณ,20/01/26,20/01/26 13:48
457,260119EGGQYS0P,พ******์,20/01/26,20/01/26 13:48
458,260119EJ238VSX,ว******ง,20/01/26,20/01/26 13:48
459,260119EQ73RV93,ว******ล,20/01/26,20/01/26 13:48
460,260119ES1JWVJH,ส******ย,20/01/26,20/01/26 13:48
461,260119ESJ538UE,ว******์,20/01/26,20/01/26 13:48
462,260119EXN1XYWJ,อ******ร,20/01/26,20/01/26 13:48
463,260119F5C5GK3J,ว******ะ,20/01/26,20/01/26 13:48
464,260119F7J3SYPD,ส******า,20/01/26,20/01/26 13:48
465,260119F7NVVBQF,พ******ี,20/01/26,20/01/26 13:48
466,260119F8GS4M7A,พ******์,20/01/26,20/01/26 13:48
467,260119F9VVKQAK,ป******),20/01/26,20/01/26 13:48
468,260120FR6SSXEH,ณ******ศ,20/01/26,20/01/26 13:48
469,260120FR6TRMJG,ส******า,20/01/26,20/01/26 13:48
470,260120FSTWRNPH,ร******),20/01/26,20/01/26 13:48
471,260120GKNW7VP0,โ******ะ,20/01/26,20/01/26 13:48
472,260120GQ7V2NVT,ส******์,20/01/26,20/01/26 13:48
473,260120GSDW7KBF,ม***ก,20/01/26,20/01/26 13:48
474,2601179W380DWD,บ******์,20/01/26,20/01/26 13:49
475,260118BE93HMKR,T******n,20/01/26,20/01/26 13:49
476,260119EAKJ1SCN,อ******ง,20/01/26,20/01/26 13:49
477,260119EJD45CWX,S******m,20/01/26,20/01/26 13:49
478,260119ESDJ8GY8,อ******า,20/01/26,20/01/26 13:49
479,260119EX988PM2,พ******ร,20/01/26,20/01/26 13:49
480,260119FGFJ350E,ม******ะ,20/01/26,20/01/26 13:49
481,260120GX4G67X5,น******ะ,20/01/26,20/01/26 15:17
482,260120GX6ACP06,ย*,20/01/26,20/01/26 15:17
483,260120GXTHV4X5,ด******า,20/01/26,20/01/26 15:17
484,260120GYBBS5GN,ว******),20/01/26,20/01/26 15:17
485,260119F9VKYMTU,ข******น,21/01/26,21/01/26 14:05
486,260119FM10QN6E,อ******์,21/01/26,21/01/26 14:05
487,260120J3WD14DJ,พ******ย,21/01/26,21/01/26 14:05
488,260121J8J2UY46,น******ล,21/01/26,21/01/26 14:05
489,260119F3WTJVNT,T******o,21/01/26,21/01/26 14:06
490,260119FH3TKBTS,ส******​,21/01/26,21/01/26 14:06
491,260120FPBXAJUY,ม******์,21/01/26,21/01/26 14:06
492,260120J1F3RE5G,ศ******ค,21/01/26,21/01/26 14:06
493,260120GXH6EY4T,อ******ล,21/01/26,21/01/26 15:26
494,260121KBPKV8Y9,ศ******์,21/01/26,21/01/26 15:26
495,260121KDSGU8GB,แ****ส,21/01/26,21/01/26 15:26
496,260120H2XX2Y81,แ******า,21/01/26,21/01/26 15:27
497,260120H4PAXQBC,น******ด,21/01/26,21/01/26 15:27
498,260120H4NK4JV8,ค****ค,21/01/26,21/01/26 15:27
499,260120HBPJCR6H,เ******​,21/01/26,21/01/26 15:27
500,260120HGK6XDBJ,ว******ม,21/01/26,21/01/26 15:27
501,260120HHJ8P4U0,น******ม,21/01/26,21/01/26 15:27
502,260120HJ1PP204,เ******์,21/01/26,21/01/26 15:27
503,260120HR44EYNC,น******์,21/01/26,21/01/26 15:27
504,260120HRCHBN1X,เ*ม,21/01/26,21/01/26 15:27
505,260120HRMPN30X,น******ง,21/01/26,21/01/26 15:27
506,260120HT3SGFPA,ต******์,21/01/26,21/01/26 15:27
507,260120HUMYYET9,ร******์,21/01/26,21/01/26 15:27
508,260120HUNK4D96,ป******ณ,21/01/26,21/01/26 15:27
509,260120HVBTHGE5,ก******น,21/01/26,21/01/26 15:27
510,260120HVM4N20X,ก******ะ,21/01/26,21/01/26 15:27
511,260120J10EFX7U,เ**์,21/01/26,21/01/26 15:27
512,260120J3C032AM,เ******ข,21/01/26,21/01/26 15:27
513,260120J463GDM3,ว******ศ,21/01/26,21/01/26 15:27
514,260121J8XHGAWJ,น******ล,21/01/26,21/01/26 15:27
515,260121JCKGNGM3,น******า,21/01/26,21/01/26 15:27
516,260121K1AJ0EFV,ร******์,21/01/26,21/01/26 15:27
517,260121K73HH7YS,ห******ง,21/01/26,21/01/26 15:27
518,260121KAGVJP6E,ศ******ย,21/01/26,21/01/26 15:27
519,260121KBV75HYU,อ******ด,21/01/26,21/01/26 15:27
520,260121KDPV0C20,พ**ย,21/01/26,21/01/26 15:27
521,260120HMMMSP08,ก******ง,21/01/26,21/01/26 15:28
522,260122MPFUG6PW,เ******์,22/01/26,22/01/26 12:41
523,260122NVFGSR7P,น******ร,22/01/26,22/01/26 13:09
524,260121KGNUC5BS,ส******ง,22/01/26,22/01/26 13:10
525,260121KM3KR6XG,น******์,22/01/26,22/01/26 13:10
526,260121KQMFBMXU,ธ******ี,22/01/26,22/01/26 13:10
527,260121KYGNBP50,L******g,22/01/26,22/01/26 13:10
528,260121KYSHHFNE,ธ******ย,22/01/26,22/01/26 13:10
529,260121M4238KEY,ว******์,22/01/26,22/01/26 13:10
530,260121M79WUFG9,ภ******์,22/01/26,22/01/26 13:10
531,260121M88P1Y23,ค******),22/01/26,22/01/26 13:10
532,260121M96AWHKT,M*y,22/01/26,22/01/26 13:10
533,260121MJJ1238B,พ******ย,22/01/26,22/01/26 13:10
534,260122MNPE238N,ก******ว,22/01/26,22/01/26 13:10
535,260122MP7S10SU,ป******์,22/01/26,22/01/26 13:10
536,260122MT67GVH1,เ****น,22/01/26,22/01/26 13:10
537,260122MTA4CSTY,ว******์,22/01/26,22/01/26 13:10
538,260122MW42JGPG,N******l,22/01/26,22/01/26 13:10
539,260122MX6MV8BG,น******ฟ,22/01/26,22/01/26 13:10
540,260122NJAQMSNU,ค******ย,22/01/26,22/01/26 13:10
541,260122NJWMAB6V,ฐ****** ,22/01/26,22/01/26 13:10
542,260121M10SFREE,บ*ว,22/01/26,22/01/26 13:11
543,260121MBQU72PD,ม******ง,22/01/26,22/01/26 13:11
544,260121MCS1MHB6,อ******ี,22/01/26,22/01/26 13:11
545,260122NXJJMG6J,จ******ล,22/01/26,22/01/26 16:28
546,260122NYVHCVXA,เ******ิ,22/01/26,22/01/26 16:28
547,260122P0GGCB4F,ณ******ง,22/01/26,22/01/26 16:28
548,260122P16F6E4A,เ******ง,22/01/26,22/01/26 16:28
549,260122P614Q9RF,จ******ง,22/01/26,22/01/26 16:28
550,260122P8BF701B,อ******า,22/01/26,22/01/26 16:28
551,260122P91D55DX,J***y,22/01/26,22/01/26 16:28
552,260122P9MHDAUN,เ****า,23/01/26,23/01/26 11:01
553,260123R8JW74SP,พ******า,23/01/26,23/01/26 15:14
554,260122PBW5F7U4,ณ******ง,23/01/26,23/01/26 15:49
555,260122PCHMM6AC,โ******ำ,23/01/26,23/01/26 15:49
556,260122PG5HFF8D,ศ******ญ,23/01/26,23/01/26 15:49
557,260122PJ03E4VU,ว******ร,23/01/26,23/01/26 15:49
558,260122PNPP4PQY,อ******ง,23/01/26,23/01/26 15:49
559,260123Q6STN1TC,จ******์,23/01/26,23/01/26 15:49
560,260123QB58VDS5,เ******์,23/01/26,23/01/26 15:49
561,260123R6VHN9PN,ป******ำ,23/01/26,23/01/26 15:49
562,260123RFTQSM8P,ก***ต,23/01/26,23/01/26 15:49
563,260123RH1BSJ5N,z*****n,23/01/26,23/01/26 15:49
564,260123RHSJ5BK3,อ****ณ,23/01/26,23/01/26 15:49
565,260123RJ4RQXQH,พ******ล,23/01/26,23/01/26 15:49
566,260122NXGQFK2J,น******ำ,23/01/26,23/01/26 15:50
567,260122PG5XW5E9,ม******์,23/01/26,23/01/26 15:50
568,260122PMXPEMYX,แ****์,23/01/26,23/01/26 15:50
569,260122Q2H27G3G,พ******์,23/01/26,23/01/26 15:50
570,260122Q3MJ2FQ0,พ******ญ,23/01/26,23/01/26 15:50
571,260122Q4Y3XARP,เ******),23/01/26,23/01/26 15:50
572,260123QA1Q6S9T,ว******์,23/01/26,23/01/26 15:50
573,260123QC4HAST5,ค******ด,23/01/26,23/01/26 15:50
574,260123QJFNK4YN,พ******บ,23/01/26,23/01/26 15:50
575,260123QTDRH3AV,ห*ู,23/01/26,23/01/26 15:50
576,260123R1H09T65,P******t,23/01/26,23/01/26 15:50
577,260123R47W81QV,บ*ว,23/01/26,23/01/26 15:50
578,260123R5MKQ5C9,ก******า,23/01/26,23/01/26 15:50
579,260123RABWKBGY,อ******์,23/01/26,23/01/26 15:50
580,260123S8305YWQ,ส******์,24/01/26,24/01/26 12:46
581,260123SN7WVU57,ณ******ญ,24/01/26,24/01/26 12:46
582,260124SYJY8RVB,น*****ว,24/01/26,24/01/26 12:46
583,260124TJ4MGDFK,ว******ง,24/01/26,24/01/26 12:46
584,260123RDRJPCJ1,เ******ง,24/01/26,24/01/26 16:14
585,260123RQE79PS3,ก******ว,24/01/26,24/01/26 16:14
586,260123RTK6BRXE,ธ******ธ,24/01/26,24/01/26 16:14
587,260123RVGRQF9R,ส******์,24/01/26,24/01/26 16:14
588,260123S1QASARY,อ******ม,24/01/26,24/01/26 16:14
589,260123S2DCG235,พ******ี,24/01/26,24/01/26 16:14
590,260123SBCDA2TD,ก****า,24/01/26,24/01/26 16:14
591,260124THHWKAHX,เ******),24/01/26,24/01/26 16:14
592,260124TS75BNVT,น******ี,24/01/26,24/01/26 16:14
593,260124TWE5GMY9,พ******ก,24/01/26,24/01/26 16:14
594,260124TXUMU9WW,ค*****์,24/01/26,24/01/26 16:14
595,260124U098UHMU,ว******ง,24/01/26,24/01/26 16:14
596,260124U0M23YN3,น******ร,24/01/26,24/01/26 16:14
597,260124U1XCA5BQ,ศ****ธ,24/01/26,24/01/26 16:14
598,260123RT28NAS3,P*m,24/01/26,24/01/26 16:15
599,260123RU90GMUU,น******์,24/01/26,24/01/26 16:15
600,260123RUAUKKVM,ป******น,24/01/26,24/01/26 16:15
601,260123RWTY3Q32,ผ******-,24/01/26,24/01/26 16:15
602,260123RYGW8P5S,น******ี,24/01/26,24/01/26 16:15
603,260123S1FD1KGU,P******h,24/01/26,24/01/26 16:15
604,260123S52SQM55,ร******์,24/01/26,24/01/26 16:15
605,260123S6928MAK,ร******ร,24/01/26,24/01/26 16:15
606,260123SBWW3X0T,ว******ส,24/01/26,24/01/26 16:15
607,260123SD22U9GV,ว******ก,24/01/26,24/01/26 16:15
608,260123SDG43PP4,ณ******ว,24/01/26,24/01/26 16:15
609,260123SG4FXTD7,อ******),24/01/26,24/01/26 16:15
610,260123SGDUBG45,A******n,24/01/26,24/01/26 16:15
611,260123SHJBKREU,ส******์,24/01/26,24/01/26 16:15
612,260123SJT9JYAE,ช******ด,24/01/26,24/01/26 16:15
613,260123SNGU11WB,ช******า,24/01/26,24/01/26 16:15
614,260124SX1NW79N,เ*๋,24/01/26,24/01/26 16:15
615,260124TCNA1SEJ,B******g,24/01/26,24/01/26 16:15
616,260124U18N47C2,เ******ง,26/01/26,26/01/26 13:16
617,260124U7QR6AVS,ร******์,26/01/26,26/01/26 13:16
618,260124U9MCX9T2,ก******ง,26/01/26,26/01/26 13:16
619,260124UTJBEFE9,เ**ย,26/01/26,26/01/26 13:16
620,260124UVHG9CUJ,ล******น,26/01/26,26/01/26 13:16
621,260125V8B4AKWK,ภ******์,26/01/26,26/01/26 13:16
622,260125VB61XK61,ธ******ย,26/01/26,26/01/26 13:16
623,260125053ABB6E,ส******ง,26/01/26,26/01/26 13:16
624,26012507TY4NT1,ธ******ล,26/01/26,26/01/26 13:16
625,2601250AMTE1BY,เ******ด,26/01/26,26/01/26 13:16
626,2601250BTY4QE9,ป******์,26/01/26,26/01/26 13:16
627,2601250JJH38JJ,พ******ิ,26/01/26,26/01/26 13:16
628,2601250TC602V6,พ******ง,26/01/26,26/01/26 13:16
629,2601250YBN2TU2,แ*****ง,26/01/26,26/01/26 13:16
630,2601251853ME8Y,พ******์,26/01/26,26/01/26 13:16
631,2601261R06D8Q6,J*y,26/01/26,26/01/26 13:16
632,2601261YV4SNEB,ว******อ,26/01/26,26/01/26 13:16
633,2601262AG9Y9J4,B******g,26/01/26,26/01/26 13:16
634,2601262KBFS6Q7,ธ******์,26/01/26,26/01/26 13:16
635,2601262TVE8R7P,ไ******ท,26/01/26,26/01/26 13:16
636,2601262VXQ8408,ค******ะ,26/01/26,26/01/26 13:16
637,2601262YEUM0FC,เ******์,26/01/26,26/01/26 13:16
638,260124UBA3E10H,ศ******ว,26/01/26,26/01/26 13:17
639,260124UVD17TJ4,ก******น,26/01/26,26/01/26 13:17
640,260124UWF2D78R,อ******์,26/01/26,26/01/26 13:17
641,260125040MAJGH,ก******น,26/01/26,26/01/26 13:17
642,260125046J1XJB,ว******ล,26/01/26,26/01/26 13:17
643,26012505QG1TW0,ก******ส,26/01/26,26/01/26 13:17
644,26012507AFQV9S,พ******ำ,26/01/26,26/01/26 13:17
645,2601250CD127T4,จ******ร,26/01/26,26/01/26 13:17
646,2601250FKQEC8A,เ******ม,26/01/26,26/01/26 13:17
647,2601250M4UTR55,ช******),26/01/26,26/01/26 13:17
648,2601250NKURG6V,A******i,26/01/26,26/01/26 13:17
649,2601250TQAQFCW,ป******์,26/01/26,26/01/26 13:17
650,2601250VJ57BC1,ก******ท,26/01/26,26/01/26 13:17
651,2601250Y025F34,น******น,26/01/26,26/01/26 13:17
652,260125177R8ABW,ณ******์,26/01/26,26/01/26 13:17
653,2601261VMCYXQK,ว******),26/01/26,26/01/26 13:17
654,2601262X33PR1U,ธ******ช,26/01/26,26/01/26 13:17
655,260124U853CSQE,น*****ง,26/01/26,26/01/26 13:18
656,260124UKD1XTVQ,ช******ย,26/01/26,26/01/26 13:18
657,260124UMCHXB7Y,ธ******อ,26/01/26,26/01/26 13:18
658,260124USADJ2XQ,อ******์,26/01/26,26/01/26 13:18
659,260124UW8KETVB,น******ด,26/01/26,26/01/26 13:18
660,260124V0FQ55G5,น******ย,26/01/26,26/01/26 13:18
661,260125V8SC5FP2,พ******า,26/01/26,26/01/26 13:18
662,260125VABQUTVQ,น******า,26/01/26,26/01/26 13:18
663,260125VCWHRUT6,ต*ล,26/01/26,26/01/26 13:18
664,2601250FAMKW1T,ก******์,26/01/26,26/01/26 13:18
665,2601250KVV77KU,ศ****ธ,26/01/26,26/01/26 13:18
666,2601250Q99QGF4,อ******ี,26/01/26,26/01/26 13:18
667,2601250VWKF7VT,ล******์,26/01/26,26/01/26 13:18
668,260125153M6K4F,ท******ี,26/01/26,26/01/26 13:18
669,2601261RG4MVXM,พ******น,26/01/26,26/01/26 13:18
670,260124U98HB1TX,ก******ง,26/01/26,26/01/26 13:19
671,260124UCA9DG1T,C******ช,26/01/26,26/01/26 13:19
672,260124UUJATB85,ศ******ย,26/01/26,26/01/26 13:19
673,260124V2JXK0GG,โ******ง,26/01/26,26/01/26 13:19
674,260124V3DSVK76,อ******ง,26/01/26,26/01/26 13:19
675,260124V403FAA4,เ******์,26/01/26,26/01/26 13:19
676,260125VCMB05WG,บ******ง,26/01/26,26/01/26 13:19
677,260125089263GK,ก******ร,26/01/26,26/01/26 13:19
678,2601250GB08DU9,J**k,26/01/26,26/01/26 13:19
679,2601250PCHES5W,บ******ง,26/01/26,26/01/26 13:19
680,2601250UD1XRF9,จ******ร,26/01/26,26/01/26 13:19
681,260124V1QJ71E6,P**t,26/01/26,26/01/26 13:27
682,26012508MJAX9D,ธ******า,26/01/26,26/01/26 13:27
683,2601250CRAGK2Q,อ******ด,26/01/26,26/01/26 13:27
684,2601250DYPA9GK,ย******ง,26/01/26,26/01/26 13:27
685,2601250F4NUPAR,พ******์,26/01/26,26/01/26 13:27
686,2601251E4H1V27,น******ู,26/01/26,26/01/26 13:27
687,2601251EMPXPCC,ส******ง,26/01/26,26/01/26 13:27
688,2601251M4W29MH,น******์,26/01/26,26/01/26 13:27
689,2601262W0XRVWA,ย******์,26/01/26,26/01/26 15:35
690,2601262XE0R8SX,ภ******ศ,26/01/26,26/01/26 15:35
691,2601263EYQBVKH,น******น,27/01/26,27/01/26 11:50
692,26012640T6HPM0,โ******ว,27/01/26,27/01/26 11:50
693,260126327PHGDN,ศ******บ,27/01/26,27/01/26 13:19
694,2601274XN44RW7,ส******์,27/01/26,27/01/26 13:19
695,2601275925EQE1,ส******ข,27/01/26,27/01/26 13:19
696,2601275AMM1WEB,ศ******์,27/01/26,27/01/26 13:19
697,2601275AS181G7,จ******ล,27/01/26,27/01/26 13:19
698,2601275AUWQ5SN,ญ******ร,27/01/26,27/01/26 13:19
699,2601262YR656CD,ป******ำ,27/01/26,27/01/26 13:20
700,26012634AT6V0V,ว******ญ,27/01/26,27/01/26 13:20
701,260126365E38BB,ห******์,27/01/26,27/01/26 13:20
702,260126378KED9U,จ******ง,27/01/26,27/01/26 13:20
703,260126395W58BD,ณ******ณ,27/01/26,27/01/26 13:20
704,2601263AGE3CES,พ******ส,27/01/26,27/01/26 13:20
705,2601263ET24FQR,ภ******ง,27/01/26,27/01/26 13:20
706,2601263Q3WW015,ก******),27/01/26,27/01/26 13:20
707,2601263RCMJY1C,พ*****์,27/01/26,27/01/26 13:20
708,2601263SD8U9C0,พ******ล,27/01/26,27/01/26 13:20
709,2601263Y6VA7GM,ม******ง,27/01/26,27/01/26 13:20
710,26012640QA0E21,ศ******ว,27/01/26,27/01/26 13:20
711,26012643V94DP6,อ****ฟ,27/01/26,27/01/26 13:20
712,2601274UTMT8TF,ท******ล,27/01/26,27/01/26 13:20
713,2601275ER2PSNT,ป******์,27/01/26,27/01/26 14:45
714,2601275GCSQUBW,พ******ำ,28/01/26,28/01/26 13:43
715,2601276CGQUCBW,ส******ย,28/01/26,28/01/26 13:43
716,2601286P4CM4GD,อ******ง,28/01/26,28/01/26 13:43
717,2601286PQNPX7S,อ******ร,28/01/26,28/01/26 13:43
718,2601286QPYYKJW,แ****ส,28/01/26,28/01/26 13:43
719,2601286QRMFX41,เ******์,28/01/26,28/01/26 13:43
720,2601287RKXA50G,ก******์,28/01/26,28/01/26 13:44
721,2601287RKXA50H,ก******์,28/01/26,28/01/26 13:44
722,2601287RKXA50J,ก******์,28/01/26,28/01/26 13:44
723,2601275KKJ0HW3,ส******ล,28/01/26,28/01/26 15:53
724,26012765X57A09,ว******้,28/01/26,28/01/26 15:53
725,2601276GTRCDJN,ค******น,28/01/26,28/01/26 15:53
726,2601287B496X1C,แ*น,28/01/26,28/01/26 15:53
727,2601287C4TP2CF,น*ำ,28/01/26,28/01/26 15:53
728,2601287PVM9CKQ,N******k,28/01/26,28/01/26 15:53
729,2601287RP00X6W,น******า,28/01/26,28/01/26 15:53
730,2601287UP0S1AP,ส******ะ,28/01/26,28/01/26 15:53
731,2601275EST19YH,จ******ี,28/01/26,28/01/26 15:54
732,2601275PJS0SWW,จ******ส,28/01/26,28/01/26 15:54
733,2601275RDRADAN,K***y,28/01/26,28/01/26 15:54
734,26012767Y0DC4N,ก******ม,28/01/26,28/01/26 15:54
735,2601287E841TM9,ศ******ก,28/01/26,28/01/26 15:54
736,2601287FKPASCC,เ**์,28/01/26,28/01/26 15:54
737,2601287SY52RTK,พ******ร,28/01/26,28/01/26 15:54
738,2601287UGYM4R7,น******ร,28/01/26,28/01/26 15:54
739,2601287W3J0DUX,จ******์,28/01/26,28/01/26 15:54
740,2601287T818YSA,ก******์,29/01/26,29/01/26 12:18
741,2601287T818YSB,ก******์,29/01/26,29/01/26 12:18
742,26012997AJW03T,อ******น,29/01/26,29/01/26 12:19
743,26012892K85M51,ค**น,29/01/26,29/01/26 15:34
744,26012996FG38QN,ป******),29/01/26,29/01/26 15:34
745,260129A6EB39UW,L******w,29/01/26,29/01/26 15:34
746,260129AACKSWGG,จ******์,29/01/26,29/01/26 15:34
747,260129AJ2FMSHS,P****s,29/01/26,29/01/26 15:34
748,260128839AMV38,ก******ร,29/01/26,29/01/26 15:35
749,260128868PCJVU,ช******์,29/01/26,29/01/26 15:35
750,26012887FVDBX4,ม******ะ,29/01/26,29/01/26 15:35
751,26012887S26R0S,ก******ร,29/01/26,29/01/26 15:35
752,2601288E3WVCAA,จ****า,29/01/26,29/01/26 15:35
753,2601288PAX0BKD,ณ******ม,29/01/26,29/01/26 15:35
754,2601288RF9QD0M,น******ณ,29/01/26,29/01/26 15:35
755,2601288XDQQE87,ว******์,29/01/26,29/01/26 15:35
756,260129A4S0XG30,ส******ล,29/01/26,29/01/26 15:35
757,260129A6SEV0EU,เ******ง,29/01/26,29/01/26 15:35
758,260129A8XP6GA4,ก******น,29/01/26,29/01/26 15:35
759,260129BHXSKG3M,ว******ล,30/01/26,30/01/26 14:15
760,26012999QFC8X5,อ******์,30/01/26,30/01/26 15:49
761,260129AQ78H933,ห******ี,30/01/26,30/01/26 15:49
762,260129B2T40737,น******ล,30/01/26,30/01/26 15:49
763,260129B4VSDWJ2,ร******ย,30/01/26,30/01/26 15:49
764,260129B5RQ0MND,น******ี,30/01/26,30/01/26 15:49
765,260129B6E3R8TM,น******์,30/01/26,30/01/26 15:49
766,260129B9EW8CT9,อ******์,30/01/26,30/01/26 15:49
767,260129B9SJPPK8,ศ******ม,30/01/26,30/01/26 15:49
768,260129BA0GUSB5,ป******ร,30/01/26,30/01/26 15:49
769,260129BAAQ2CNJ,B******n,30/01/26,30/01/26 15:49
770,260129BJCED1FE,S******m,30/01/26,30/01/26 15:49
771,260129BKXW0C8P,น******ส,30/01/26,30/01/26 15:49
772,260130CA76RYCH,ค******์,30/01/26,30/01/26 15:49
773,260130CMDV0WGX,ณ******จ,30/01/26,30/01/26 15:49
774,260130CP93WA5H,ธ******ศ,30/01/26,30/01/26 15:49
775,260130CWE21P6V,พ******ำ,30/01/26,30/01/26 15:49
776,260130D01QY4ER,ป******ย,30/01/26,30/01/26 15:49
777,260130D1K7YQJ2,ร******ย,30/01/26,30/01/26 15:49
778,260129B583T9PH,น******จ,30/01/26,30/01/26 15:50
779,260130DYPDSTUG,ย******ง,31/01/26,31/01/26 13:09
780,260130D5KWWBGA,พ******์,31/01/26,31/01/26 15:55
781,260130DBUBXYUB,น******จ,31/01/26,31/01/26 15:55
782,260130DJP4TU52,ว******ง,31/01/26,31/01/26 15:55
783,260130DTR208P2,น******ี,31/01/26,31/01/26 15:55
784,260130DVURR5GR,ณ******ย,31/01/26,31/01/26 15:55
785,260130E182MUR1,ซ****า,31/01/26,31/01/26 15:55
786,260131E8XWWXG0,ศ****ฐ,31/01/26,31/01/26 15:55
787,260131FAQPW16J,K**m,31/01/26,31/01/26 15:55
788,260131FAUNQ0YN,น******์,31/01/26,31/01/26 15:55
789,260131FE16V177,ภ******ิ,31/01/26,31/01/26 15:55
790,260131FEBX77Q3,n****r,31/01/26,31/01/26 15:55
791,260131FEC5SUM1,ศ******ง,31/01/26,31/01/26 15:55
792,260131FFBK18JY,L****a,31/01/26,31/01/26 15:55
793,260131FGBSXCPC,ว******ย,31/01/26,31/01/26 15:55
794,260131FP1WT6FU,K*****a,31/01/26,31/01/26 15:55
795,260130D8J7B5H5,ส******ก,31/01/26,31/01/26 15:56
796,260130DFSV824A,น******น,31/01/26,31/01/26 15:56
797,260130DKP1AME6,ว******า,31/01/26,31/01/26 15:56
798,260130DT9DQNG5,ณ******ี,31/01/26,31/01/26 15:56
799,260130DWJDEYWA,เ******t,31/01/26,31/01/26 15:56
800,260131F0XNEYP6,ก******ด,31/01/26,31/01/26 15:56
801,260131FGQU86XG,S******o,31/01/26,31/01/26 15:56
